InvoiceID,ItemID
2,0
2,3
2,4
2,5
2,6
2,7
2,8
10,9
10,11
14,12
14,15
14,16
14,17
14,18
14,19
14,20
14,21
14,22
14,23
14,24
14,25
27,26
27,28
27,29
27,30
32,31
35,33
35,36
35,37
35,38
35,39
35,40
35,41
35,42
35,43
35,44
35,45
35,46
35,47
35,48
35,49
35,50
35,51
35,52
35,53
35,54
57,55
58,11
58,9
59,0
59,3
59,4
59,60
59,61
59,62
59,63
59,64
59,65
59,66
59,67
59,68
59,5
59,6
59,7
59,8
71,69
72,0
72,3
72,4
72,60
72,61
72,62
72,63
72,64
72,65
72,66
72,67
72,68
72,5
72,6
72,7
72,8
75,73
75,76
77,11
77,9
80,78
80,81
80,82
80,83
80,84
80,85
80,86
80,87
80,88
80,89
80,90
80,91
80,92
80,93
80,94
80,95
80,96
80,97
80,98
101,99
104,102
104,105
104,106
104,107
104,108
104,109
104,110
104,111
104,112
104,113
104,114
104,115
104,116
104,117
104,118
104,119
104,55
104,120
104,121
104,111
104,122
104,123
104,124
104,125
104,126
104,127
104,128
104,129
104,130
104,131
104,132
104,48
104,133
104,134
104,135
138,136
140,40
140,141
140,142
140,106
140,143
140,144
140,145
140,37
140,146
140,147
140,148
140,149
151,150
154,152
154,155
154,156
154,157
154,158
154,159
154,160
154,161
154,162
154,163
154,164
154,165
154,166
168,149
168,99
168,26
168,169
168,170
168,171
168,172
175,173
175,81
175,176
178,177
178,179
178,180
178,181
178,48
183,22
183,23
183,135
183,184
183,185
183,186
183,156
183,187
183,188
183,189
183,190
183,191
183,159
183,192
195,193
195,196
195,41
195,150
195,197
195,198
195,199
195,200
195,37
195,36
195,201
195,202
195,203
195,204
206,193
206,26
206,99
206,207
206,208
206,209
206,210
206,211
206,212
206,0
206,213
206,214
206,126
206,215
206,86
206,216
206,217
206,218
206,219
206,5
206,220
206,221
206,189
206,176
224,222
224,225
224,226
224,227
224,228
224,229
224,230
233,231
233,234
233,235
233,236
233,237
233,238
233,239
233,240
233,12
233,241
244,242
247,245
247,9
247,248
247,249
247,11
247,219
247,250
247,251
247,252
247,0
247,253
256,254
256,12
256,92
256,93
256,90
256,228
256,257
256,258
256,36
256,259
256,37
256,73
256,260
256,248
261,0
261,3
261,4
261,128
261,60
261,61
261,62
261,63
261,64
261,65
261,66
261,67
261,68
261,5
261,6
261,7
261,262
261,8
265,263
265,150
267,227
267,268
267,269
267,113
267,7
267,270
267,11
267,248
267,249
267,271
267,272
267,273
267,73
267,274
267,275
267,276
267,277
278,11
278,9
279,189
282,280
282,283
282,284
282,285
282,286
282,287
282,288
282,289
282,290
282,99
282,291
282,292
282,293
282,294
282,295
282,296
282,297
282,298
282,299
282,300
282,301
282,115
282,302
282,303
282,304
282,305
282,306
282,307
282,308
282,309
282,310
282,93
282,311
282,312
282,313
282,314
282,315
282,316
282,317
282,318
282,319
282,320
282,321
282,322
282,323
282,172
282,0
282,324
282,65
282,325
282,87
282,326
282,327
282,328
282,329
282,330
282,331
282,332
282,333
282,82
282,334
282,220
282,165
282,240
336,55
336,211
336,337
339,260
339,54
342,340
342,110
342,343
342,344
342,345
342,159
342,213
342,346
342,347
342,348
342,349
342,289
342,350
342,351
342,352
342,353
342,354
342,355
342,356
342,357
342,358
342,90
342,359
342,91
342,360
342,361
342,362
342,363
366,364
367,0
367,3
367,4
367,60
367,61
367,62
367,63
367,64
367,65
367,66
367,67
367,68
367,5
367,6
367,7
367,262
367,8
368,11
368,9
371,369
371,372
371,373
371,142
371,374
371,375
371,376
371,377
371,73
371,6
371,276
371,356
371,378
371,379
371,380
371,381
371,76
371,382
371,383
371,384
371,385
371,386
371,387
371,12
371,22
371,23
371,285
371,388
371,389
371,390
371,391
371,198
371,199
371,84
371,90
371,392
371,30
371,230
371,393
371,394
371,395
371,396
371,322
371,397
371,53
371,398
371,234
371,399
402,400
402,276
402,277
402,403
402,404
402,405
402,248
402,406
402,407
402,408
402,409
402,410
402,411
402,412
402,413
402,400
402,414
402,415
402,416
402,407
402,417
402,418
402,419
402,420
402,421
402,331
402,330
402,97
402,422
402,423
402,212
402,424
402,425
402,426
402,410
402,427
402,428
402,429
402,49
402,430
402,314
402,431
402,400
402,9
402,248
402,214
402,432
402,433
402,434
402,213
402,176
402,435
402,436
402,83
402,49
402,227
402,277
402,275
438,361
438,326
438,43
438,172
438,360
438,362
438,439
438,440
438,441
438,44
438,442
438,443
438,444
438,445
438,440
438,446
438,447
438,253
438,448
438,449
438,450
438,451
438,289
438,99
438,452
438,337
438,17
438,447
438,17
438,451
438,450
438,289
438,453
438,454
438,455
438,453
438,451
438,452
438,448
438,192
438,289
438,48
438,453
438,456
438,450
438,457
438,446
438,458
438,17
438,459
438,460
438,446
438,406
438,454
438,455
438,461
438,462
438,452
438,55
438,462
438,452
438,209
438,463
438,452
438,463
438,464
438,465
438,466
438,467
438,213
438,49
438,468
438,269
438,87
438,469
438,465
438,49
438,468
438,470
438,469
438,471
473,102
476,474
476,211
476,477
476,478
476,397
476,479
476,480
476,481
476,482
476,160
476,483
476,159
476,484
476,485
476,41
476,486
476,487
476,488
476,49
476,99
476,489
476,490
476,491
476,492
476,493
476,494
476,495
476,496
476,497
476,498
476,499
476,193
476,55
476,447
476,90
476,500
476,501
476,92
476,502
476,260
476,249
476,11
476,503
476,504
476,505
476,506
476,507
476,229
476,508
476,509
476,510
476,417
476,511
476,512
476,513
476,337
476,514
476,17
476,515
518,516
518,374
518,519
518,296
518,295
518,68
521,236
521,522
521,235
521,523
521,524
521,525
521,526
521,527
521,277
521,280
521,528
521,529
521,530
521,189
532,234
532,533
532,11
532,337
532,276
532,219
532,6
532,277
532,527
535,337
535,536
535,177
535,113
535,537
535,130
535,125
535,538
535,539
535,540
535,185
535,541
535,286
535,273
535,296
535,542
535,99
545,543
545,163
545,546
545,547
545,254
545,548
551,549
551,552
551,455
551,553
551,554
551,555
551,556
551,557
551,558
551,555
551,559
551,560
551,561
551,562
551,563
551,564
551,523
551,235
551,234
551,398
551,396
551,422
551,556
551,565
551,565
551,330
551,566
551,567
551,322
551,568
551,549
551,569
572,570
572,567
572,359
572,12
572,573
572,574
572,146
572,575
572,92
572,219
572,228
572,576
572,577
572,578
580,579
583,581
583,584
583,585
583,586
583,587
583,588
583,589
583,590
583,78
583,176
583,12
583,55
583,591
583,592
583,593
583,594
583,227
583,470
583,340
583,555
583,595
583,377
583,395
583,213
583,92
583,234
583,596
583,597
583,211
583,598
583,599
583,474
583,600
583,601
583,602
583,603
583,604
583,311
583,605
583,606
583,607
583,312
583,608
583,609
583,610
583,611
583,229
583,612
583,248
583,613
583,248
583,248
583,251
583,614
583,600
583,615
583,90
583,90
583,536
583,578
583,309
583,448
583,602
583,616
583,617
583,618
583,619
583,620
583,621
583,290
583,622
583,597
583,450
583,623
583,81
583,26
583,617
583,616
583,248
583,624
583,603
583,308
583,625
583,213
583,169
626,26
626,99
628,257
628,6
628,629
628,630
628,631
628,632
628,234
628,633
628,492
628,491
628,9
628,11
628,634
628,106
636,478
636,637
636,26
636,618
636,638
636,639
636,321
636,608
636,396
636,396
636,640
636,479
636,641
636,642
636,643
636,211
636,644
636,645
636,646
636,99
636,647
636,269
636,460
636,648
636,260
636,455
636,649
636,650
636,651
636,447
636,651
636,396
636,231
636,488
636,455
653,196
653,654
653,441
653,495
653,655
653,656
653,657
653,527
653,6
653,658
653,49
653,659
653,42
653,23
653,22
661,12
661,662
661,663
661,0
661,634
666,664
666,427
667,26
669,249
669,670
669,515
669,9
669,248
673,671
673,674
673,117
673,146
673,675
673,676
673,523
673,11
673,9
673,570
673,425
673,677
673,678
673,160
673,679
673,680
673,681
673,682
673,683
673,684
673,230
673,508
673,685
673,229
673,686
673,687
673,519
673,395
673,688
673,689
673,690
673,691
673,692
673,693
673,0
673,694
673,695
673,612
673,696
673,568
673,308
673,697
673,614
673,615
673,698
673,699
673,700
673,701
673,213
673,702
673,159
673,284
673,703
673,698
673,704
673,705
673,598
673,309
673,355
673,594
673,706
673,460
673,707
673,708
673,159
673,709
673,710
673,711
673,712
673,713
673,714
717,715
720,718
720,721
720,722
720,17
720,723
720,462
720,724
720,725
720,19
720,726
720,249
720,248
720,11
720,727
720,241
720,728
720,273
720,729
720,617
720,578
720,680
720,559
720,427
720,730
720,731
720,616
720,477
720,61
720,193
720,732
720,680
720,559
720,364
720,17
720,649
720,85
720,728
720,733
720,199
720,598
720,734
720,735
720,678
720,736
720,578
720,309
720,737
720,505
720,725
720,11
720,309
720,738
720,176
720,97
741,739
741,269
741,488
741,219
741,576
741,189
741,742
741,743
741,744
741,387
741,277
741,555
746,713
746,747
746,748
746,749
752,750
752,41
752,753
752,488
752,754
752,634
752,755
752,165
752,756
752,757
752,758
752,157
752,471
761,759
761,762
761,763
761,764
761,765
761,98
761,176
761,106
761,527
767,312
767,396
767,768
767,192
767,769
767,453
767,770
767,771
767,430
767,337
767,189
767,772
767,773
767,287
767,54
776,774
776,249
776,536
776,322
776,710
776,777
776,377
776,239
776,147
776,778
776,485
776,519
776,106
776,48
776,495
776,779
776,249
776,597
776,43
776,618
776,289
776,451
776,170
776,249
776,260
776,211
776,208
776,26
776,780
776,777
776,781
776,634
776,782
776,519
776,395
776,778
776,593
776,783
776,784
776,536
776,49
776,784
776,783
776,593
776,99
776,106
776,779
776,785
776,710
776,786
776,406
776,461
776,787
776,788
776,789
776,147
776,209
792,790
792,793
792,318
792,794
792,795
792,796
792,69
792,797
792,798
801,799
801,802
801,803
801,742
801,63
801,193
801,804
801,634
801,805
801,806
801,149
801,807
801,579
801,808
801,809
801,807
801,810
801,811
801,812
801,813
801,725
801,739
801,106
816,814
816,817
816,245
816,818
816,819
816,129
816,128
816,60
816,820
816,819
816,821
816,822
816,36
816,37
816,258
816,55
816,211
816,823
816,201
816,200
816,202
816,824
816,296
827,825
827,828
827,497
827,556
827,222
827,829
827,509
827,230
827,508
827,830
827,52
827,831
827,51
827,832
827,510
827,512
827,417
827,833
827,834
827,835
827,836
827,245
827,389
827,248
827,11
827,249
827,73
827,837
827,838
827,839
827,702
827,226
827,840
827,227
827,841
827,842
827,843
827,225
827,229
827,217
827,215
827,208
827,207
827,99
827,378
827,844
827,845
827,846
827,847
827,614
827,848
827,93
827,359
827,357
827,92
827,90
827,214
827,213
827,849
827,850
827,851
827,852
827,251
827,853
827,300
827,116
827,252
827,854
827,76
827,384
827,855
827,856
827,592
858,711
858,859
858,860
858,861
858,862
858,863
865,248
865,502
865,249
865,260
865,275
867,739
867,868
867,869
867,870
867,219
867,387
867,135
867,385
867,384
867,556
867,379
867,871
873,219
873,12
873,874
877,875
877,611
877,878
877,879
877,880
877,419
877,634
877,145
877,881
877,882
877,883
886,884
886,887
886,888
886,889
886,135
886,302
886,890
886,891
886,383
886,55
886,211
886,158
886,892
886,7
886,893
886,894
886,203
886,160
886,159
886,762
886,778
886,698
886,895
886,896
886,897
886,607
886,898
886,899
886,605
886,900
886,901
903,189
903,904
903,905
903,515
903,906
903,66
903,762
903,907
903,908
903,909
903,302
903,806
903,43
903,634
903,318
903,229
903,509
903,910
903,911
903,912
903,913
903,260
903,11
903,220
903,73
903,533
903,143
915,209
915,916
915,917
915,918
915,919
915,920
915,484
915,231
915,53
915,921
915,922
915,923
915,924
915,925
915,926
915,927
915,236
915,235
915,21
915,928
929,374
931,326
931,362
931,360
931,78
931,176
931,143
931,771
931,435
931,81
931,707
931,932
931,106
931,97
931,933
931,430
931,0
935,11
935,918
937,936
937,938
937,217
937,939
937,487
937,41
937,940
937,941
937,942
937,943
937,728
937,418
937,944
937,945
937,433
937,268
937,946
937,847
937,62
937,845
937,947
937,948
937,949
937,236
937,522
937,650
937,950
937,141
937,50
937,375
937,374
937,951
937,932
937,952
937,953
937,954
937,955
937,91
937,92
937,837
937,956
937,957
937,597
937,958
937,959
937,960
937,272
937,961
937,962
937,317
937,963
937,964
937,426
937,965
937,451
937,966
937,967
937,618
937,120
937,55
937,641
937,968
937,842
937,284
937,678
937,280
937,277
937,275
937,73
937,530
937,485
937,969
937,970
937,454
937,455
937,488
937,434
937,971
937,972
937,973
937,974
937,975
937,976
937,221
937,380
937,977
937,809
937,163
937,978
937,203
937,204
937,213
937,214
937,979
937,980
937,387
937,161
937,981
937,982
937,555
937,363
937,340
937,983
937,984
937,985
937,986
937,18
937,987
937,186
937,988
937,989
937,990
937,991
937,918
937,992
937,529
937,993
937,799
937,994
937,498
937,391
937,995
937,646
937,996
937,143
937,997
937,360
937,328
937,998
937,999
937,379
937,1000
937,1001
937,634
937,1002
937,1003
937,1004
937,828
937,286
937,158
937,159
937,160
937,1005
937,1006
937,1007
937,1008
937,1009
937,798
937,834
937,856
937,1010
937,1011
937,1012
937,1013
937,512
937,417
937,832
937,51
937,1014
937,753
937,287
937,1015
937,230
937,829
937,251
937,1016
937,462
937,633
937,605
937,899
937,483
937,615
937,698
937,675
937,1017
937,492
937,898
937,897
937,607
937,1018
937,841
937,495
937,398
937,764
937,44
937,11
937,788
937,1019
937,125
937,538
937,130
937,642
937,218
937,172
937,408
937,852
937,851
937,1020
937,1021
937,486
937,482
937,749
937,742
937,134
937,36
937,33
937,259
937,258
937,1022
937,591
937,478
937,477
937,859
937,1023
937,593
937,15
937,16
937,1024
937,1025
937,1026
937,448
937,677
937,1027
937,891
937,1028
937,145
937,395
937,377
937,1029
937,1030
937,1031
937,274
937,337
937,1032
937,1033
937,1034
937,249
937,248
937,260
937,1035
937,497
937,49
937,686
937,479
937,211
937,693
937,689
937,692
937,688
937,690
937,691
937,1036
937,447
937,600
937,1037
937,1038
937,501
937,474
937,614
937,26
937,99
937,207
937,208
937,844
937,189
937,405
937,781
937,404
937,1039
937,470
937,1040
937,1041
937,1042
937,1043
937,1044
937,1045
937,1046
937,1047
937,1048
937,1049
937,61
937,1050
937,1051
937,1052
937,122
937,1053
937,1054
937,1055
937,1056
937,651
937,3
937,1057
937,1058
937,1059
937,1060
937,1061
937,1062
937,1063
937,1064
937,874
937,1065
937,1066
937,177
937,1067
937,304
937,303
937,1068
937,1069
937,1070
937,1071
937,6
937,5
937,1072
937,1073
937,1074
937,513
937,848
937,1075
937,1076
937,396
937,359
937,198
937,1077
937,1078
937,1079
937,1080
937,1081
937,1082
937,1083
937,289
937,350
937,514
937,1084
937,176
937,777
937,407
937,0
937,1085
937,1086
937,1087
937,1088
937,923
937,1089
937,252
937,1090
937,1091
937,1092
937,1093
937,901
937,616
937,1094
937,1095
937,1096
937,1097
937,1098
937,1099
937,1100
937,1101
937,1102
937,1103
937,1104
937,1105
937,1106
937,590
937,588
937,1107
937,1108
937,1109
937,1110
937,1111
937,1112
937,1113
937,378
937,355
937,354
937,1114
937,1115
937,1116
937,1117
937,1118
937,1119
937,1120
937,331
937,825
937,124
937,1121
937,1122
937,1123
937,1124
937,1125
937,383
937,1126
937,93
937,1127
937,1128
937,9
937,248
937,1129
937,209
937,1034
937,1130
937,1032
937,1131
937,1132
937,393
937,423
937,1133
937,1134
937,1135
937,1136
937,1137
937,1138
937,1139
937,1140
937,1141
937,1142
937,1143
937,1144
937,1145
937,212
937,411
937,1146
937,1147
937,384
937,1148
937,1149
937,87
937,1150
937,1151
937,1152
937,708
937,1153
937,1154
937,1155
937,878
937,912
937,364
937,1156
937,316
937,315
937,314
937,1157
937,1158
937,723
937,757
937,1159
937,1160
937,323
937,1161
937,1162
937,1163
937,42
937,724
937,64
937,1164
937,1165
937,63
937,215
937,732
937,748
937,332
937,191
937,431
937,578
937,1166
937,543
937,1167
937,1168
937,116
937,115
937,1169
937,117
937,1170
937,1171
937,1172
937,1173
937,392
937,90
937,357
937,1174
937,1175
937,1129
937,1176
937,271
937,1177
937,1178
937,69
937,1179
937,1180
937,257
937,622
937,290
937,1181
937,1182
937,1183
937,1184
937,1185
937,1186
937,1187
937,1188
937,1189
937,1190
937,913
937,276
937,228
937,679
937,658
937,1191
937,135
937,88
937,1192
937,1193
937,640
937,1194
937,1195
937,813
937,810
937,1196
937,1197
937,1198
937,468
937,525
937,1199
937,1200
937,48
937,737
937,1201
1203,1202
1205,1204
1207,1206
1209,769
1209,192
1209,364
1209,1210
1209,218
1209,295
1209,611
1209,1211
1209,451
1209,46
1209,171
1209,1129
1209,1212
1209,483
1214,1213
1216,1215
1218,381
1218,210
1218,181
1218,764
1218,364
1218,274
1218,337
1218,49
1218,221
1218,275
1218,659
1218,321
1218,1219
1218,49
1218,508
1218,18
1218,229
1218,829
1218,554
1218,1220
1218,738
1218,169
1218,45
1218,383
1218,427
1218,643
1218,508
1218,18
1218,277
1218,321
1218,275
1218,659
1218,44
1218,503
1218,1221
1223,1222
1225,1224
1227,1226
1229,1228
1229,389
1232,1230
1232,1233
1232,989
1232,951
1232,1048
1232,863
1232,325
1232,486
1235,1234
1235,1236
1235,1237
1235,613
1235,69
1235,724
1235,1238
1235,762
1235,1239
1235,1240
1235,1005
1235,952
1235,1241
1235,212
1235,108
1235,230
1235,630
1235,723
1235,406
1235,461
1235,258
1235,325
1235,403
1235,1242
1235,1084
1235,1243
1235,679
1235,73
1235,219
1235,6
1235,1244
1235,1245
1235,269
1235,1094
1235,276
1235,5
1235,337
1235,275
1235,274
1235,219
1235,277
1235,850
1235,851
1235,576
1235,193
1235,152
1235,1246
1235,184
1235,1094
1235,1024
1235,1247
1235,286
1235,73
1235,1248
1235,1249
1235,1250
1235,1251
1235,1252
1235,177
1235,486
1235,732
1235,160
1235,1253
1235,315
1235,1254
1256,1255
1259,1257
1259,1260
1259,1261
1259,1261
1259,1260
1259,1262
1259,1263
1259,1035
1259,1239
1265,177
1265,302
1265,1266
1265,26
1265,1033
1265,1267
1265,852
1265,253
1265,379
1265,1268
1265,1269
1265,1270
1265,384
1272,186
1272,508
1272,16
1272,15
1272,48
1272,181
1272,723
1272,458
1272,494
1272,179
1272,180
1272,248
1272,260
1272,249
1272,11
1274,24
1274,1275
1274,7
1274,409
1274,384
1274,270
1274,385
1274,634
1274,1276
1274,1050
1274,1176
1274,271
1274,1277
1274,1278
1274,987
1274,1279
1274,904
1274,794
1281,901
1281,479
1281,145
1281,881
1281,1282
1281,1039
1281,782
1281,356
1281,193
1283,1276
1283,1050
1284,1187
1284,1186
1287,1285
1287,110
1287,345
1287,343
1287,109
1287,344
1289,260
1289,248
1289,249
1289,1176
1289,538
1289,130
1289,11
1290,187
1292,906
1292,1293
1292,21
1292,495
1292,643
1292,277
1292,1294
1292,1295
1292,45
1292,856
1292,277
1292,527
1292,1296
1292,870
1292,869
1292,1297
1292,1298
1292,485
1292,1171
1292,600
1292,1299
1292,1019
1292,1300
1292,1301
1292,943
1292,1282
1292,633
1292,728
1292,943
1292,1166
1292,418
1292,1302
1292,1303
1292,1304
1292,605
1292,1305
1292,607
1292,1306
1292,1307
1292,1308
1292,695
1292,1309
1292,433
1292,55
1292,1310
1292,477
1292,478
1292,788
1292,613
1292,165
1292,1311
1292,860
1292,62
1292,63
1292,1312
1292,162
1292,1029
1292,1030
1292,553
1292,322
1292,494
1292,295
1292,1313
1292,1094
1292,193
1292,1312
1292,1314
1316,559
1316,1317
1316,158
1316,527
1316,274
1319,1081
1319,1320
1319,487
1319,1321
1319,1322
1319,1047
1319,1323
1319,1064
1319,569
1319,828
1319,1043
1319,1324
1319,1182
1319,961
1319,1325
1319,81
1319,474
1319,1083
1327,1017
1327,869
1327,870
1327,605
1327,899
1327,606
1327,1328
1327,1300
1327,491
1327,490
1327,492
1327,728
1327,418
1327,1306
1327,482
1327,1320
1327,135
1327,159
1327,1329
1327,22
1327,31
1331,155
1331,381
1331,380
1331,891
1332,31
1335,1333
1335,748
1335,271
1335,848
1335,176
1335,0
1335,1336
1335,842
1337,630
1337,1338
1337,848
1337,6
1337,1339
1337,556
1337,362
1337,150
1337,176
1337,0
1337,842
1337,1340
1337,129
1337,1158
1337,1183
1337,748
1341,87
1341,271
1341,130
1341,484
1343,337
1343,228
1343,249
1343,248
1343,502
1343,37
1343,33
1343,259
1344,271
1344,362
1345,844
1345,1346
1345,404
1345,470
1345,405
1345,781
1347,176
1349,1285
1349,108
1349,110
1349,512
1349,510
1349,1350
1349,1184
1349,276
1349,533
1349,1074
1349,1072
1349,1351
1349,1352
1349,539
1349,113
1349,789
1349,788
1353,556
1354,6
1356,1050
1358,1267
1358,333
1358,37
1358,33
1358,1359
1358,259
1358,258
1362,1360
1362,593
1362,783
1362,130
1362,271
1362,181
1362,51
1362,417
1362,393
1362,7
1362,73
1362,332
1362,918
1362,273
1362,260
1362,493
1362,837
1362,1363
1362,1133
1362,732
1362,753
1362,487
1365,26
1365,99
1365,207
1365,208
1365,24
1365,851
1365,850
1365,1366
1365,84
1365,85
1365,718
1367,24
1369,189
1369,0
1369,275
1369,73
1369,162
1369,158
1369,1370
1369,727
1369,116
1369,1250
1369,1371
1369,1372
1369,21
1369,926
1374,706
1374,970
1374,1375
1374,1376
1374,1377
1374,1111
1374,78
1374,996
1374,471
1374,949
1374,489
1374,1378
1374,1177
1374,1379
1374,143
1374,1063
1374,1010
1374,1380
1374,1381
1374,1382
1374,967
1374,1383
1374,1260
1374,1384
1374,1006
1374,1385
1374,904
1374,1386
1374,1050
1374,1387
1374,1388
1374,1053
1374,724
1374,42
1374,1084
1374,869
1374,658
1374,228
1374,529
1374,594
1390,1389
1390,1391
1390,1132
1390,393
1390,423
1390,1135
1390,1136
1390,1137
1390,1138
1390,1139
1390,1140
1390,1392
1390,1393
1390,1394
1390,1247
1390,1395
1390,1396
1390,1397
1390,212
1390,1398
1390,1399
1390,1400
1390,1401
1390,1402
1390,436
1390,1403
1390,83
1390,1149
1390,87
1390,362
1390,1150
1390,1151
1390,1404
1390,711
1390,1405
1390,1383
1390,1406
1390,364
1390,1407
1390,1156
1390,316
1390,314
1390,723
1390,757
1390,756
1390,1159
1390,1408
1390,1163
1390,1409
1390,42
1390,926
1390,1410
1390,1164
1390,63
1390,732
1390,332
1390,1411
1390,1412
1390,713
1390,1413
1390,543
1390,1414
1390,1168
1390,1169
1390,1279
1390,1415
1390,1171
1390,733
1390,1416
1390,90
1390,357
1390,1417
1390,1176
1390,271
1390,1178
1390,577
1390,69
1390,1179
1390,1418
1390,1419
1390,1420
1390,1421
1390,1180
1390,257
1390,162
1390,1181
1390,1182
1390,1422
1390,913
1390,1423
1390,1424
1390,276
1390,533
1390,228
1390,679
1390,658
1390,516
1390,814
1390,836
1390,890
1390,1425
1390,376
1390,1426
1390,127
1390,88
1390,920
1390,1427
1390,1428
1390,1429
1390,1430
1390,813
1390,1431
1390,1432
1390,1433
1390,1434
1390,399
1390,524
1390,48
1390,318
1390,1435
1390,22
1390,23
1390,31
1390,936
1390,938
1390,1436
1390,24
1390,217
1390,1378
1390,487
1390,41
1390,940
1390,941
1390,942
1390,943
1390,1307
1390,1437
1390,944
1390,1438
1390,142
1390,922
1390,268
1390,1439
1390,946
1390,1440
1390,62
1390,1441
1390,947
1390,236
1390,235
1390,522
1390,1442
1390,1443
1390,1444
1390,1445
1390,375
1390,374
1390,98
1390,97
1390,114
1390,952
1390,953
1390,955
1390,1446
1390,91
1390,500
1390,92
1390,838
1390,837
1390,225
1390,594
1390,956
1390,957
1390,597
1390,958
1390,272
1390,961
1390,451
1390,1447
1390,967
1390,618
1390,120
1390,1448
1390,55
1390,968
1390,1449
1390,284
1390,416
1390,277
1390,275
1390,73
1390,301
1390,869
1390,1450
1390,969
1390,970
1390,454
1390,552
1390,455
1390,484
1390,488
1390,974
1390,975
1390,1451
1390,976
1390,221
1390,380
1390,977
1390,419
1390,1452
1390,254
1390,978
1390,203
1390,213
1390,214
1390,980
1390,1453
1390,1211
1390,1454
1390,1387
1390,123
1390,112
1390,982
1390,875
1390,1254
1390,1455
1390,555
1390,984
1390,985
1390,1456
1390,1457
1390,986
1390,18
1390,871
1390,625
1390,987
1390,1458
1390,1459
1390,1460
1390,1461
1390,1462
1390,991
1390,1463
1390,89
1390,918
1390,992
1390,802
1390,391
1390,646
1390,143
1390,144
1390,78
1390,1464
1390,999
1390,1465
1390,1466
1390,106
1390,306
1390,1000
1390,1467
1390,1363
1390,1001
1390,634
1390,1468
1390,164
1390,165
1390,273
1390,286
1390,1469
1390,1470
1390,329
1390,159
1390,507
1390,798
1390,834
1390,1471
1390,714
1390,1472
1390,540
1390,512
1390,417
1390,510
1390,1473
1390,369
1390,832
1390,52
1390,830
1390,230
1390,229
1390,1016
1390,833
1390,506
1390,505
1390,462
1390,461
1390,633
1390,483
1390,1299
1390,615
1390,698
1390,778
1390,1474
1390,504
1390,675
1390,1017
1390,898
1390,897
1390,1475
1390,607
1390,234
1390,398
1390,21
1390,765
1390,764
1390,46
1390,11
1390,113
1390,538
1390,1476
1390,642
1390,45
1390,169
1390,408
1390,852
1390,851
1390,1477
1390,1020
1390,1478
1390,1244
1390,1479
1390,486
1390,1320
1390,749
1390,742
1390,655
1390,643
1390,37
1390,1022
1390,599
1390,591
1390,478
1390,477
1390,1023
1390,620
1390,15
1390,1480
1390,1481
1390,16
1390,17
1390,459
1390,687
1390,1482
1390,1026
1390,448
1390,496
1390,883
1390,1483
1390,891
1390,1028
1390,1250
1390,1253
1390,145
1390,881
1390,882
1390,345
1390,311
1390,395
1390,377
1390,835
1390,1484
1390,502
1390,274
1390,337
1390,1485
1390,1032
1390,715
1390,1329
1390,1034
1390,1486
1390,249
1390,248
1390,260
1390,1487
1390,1488
1390,659
1390,1489
1390,1490
1390,49
1390,700
1390,686
1390,479
1390,211
1390,187
1390,693
1390,689
1390,692
1390,688
1390,690
1390,691
1390,447
1390,193
1390,1491
1390,600
1390,1311
1390,793
1390,1037
1390,501
1390,474
1390,99
1390,209
1390,189
1390,405
1390,772
1390,781
1390,404
1390,1039
1390,1492
1390,470
1390,1040
1390,1042
1390,1325
1390,1044
1390,1493
1390,1494
1390,1495
1390,1047
1390,1048
1390,1496
1390,1497
1390,1498
1390,61
1390,119
1390,1276
1390,1499
1390,1500
1390,1501
1390,1502
1390,638
1390,1503
1390,1504
1390,1505
1390,1506
1390,1053
1390,1054
1390,1055
1390,1507
1390,721
1390,1266
1390,909
1390,25
1390,385
1390,1262
1390,1260
1390,1508
1390,651
1390,1371
1390,1509
1390,1510
1390,904
1390,1061
1390,1064
1390,874
1390,1511
1390,1275
1390,177
1390,1067
1390,579
1390,304
1390,303
1390,1512
1390,1513
1390,1069
1390,1070
1390,1071
1390,1514
1390,6
1390,5
1390,1073
1390,1074
1390,513
1390,1075
1390,1076
1390,396
1390,378
1390,355
1390,354
1390,1515
1390,293
1390,294
1390,1516
1390,1116
1390,1117
1390,1517
1390,1518
1390,1118
1390,1519
1390,1520
1390,1521
1390,1522
1390,825
1390,569
1390,155
1390,1523
1390,124
1390,1524
1390,12
1390,1121
1390,1123
1390,1525
1390,1124
1390,1125
1390,1526
1390,19
1390,381
1390,210
1390,121
1390,1527
1390,1126
1390,359
1390,1528
1390,1077
1390,1079
1390,1080
1390,1081
1390,1529
1390,1083
1390,170
1390,289
1390,350
1390,1530
1390,1084
1390,176
1390,435
1390,1531
1390,777
1390,780
1390,407
1390,0
1390,1087
1390,1532
1390,1088
1390,923
1390,924
1390,925
1390,300
1390,1533
1390,900
1390,1534
1390,1535
1390,616
1390,1094
1390,1536
1390,1537
1390,1538
1390,1539
1390,1540
1390,1541
1390,1542
1390,1543
1390,1544
1390,1545
1390,1546
1390,1547
1390,1548
1390,1104
1390,1549
1390,1550
1390,1551
1390,1552
1390,1553
1390,1554
1390,1555
1390,588
1390,1556
1390,1557
1390,1558
1390,1559
1390,1560
1390,1110
1390,1377
1390,1113
1390,1561
1390,403
1390,1562
1390,361
1390,68
1390,1451
1390,329
1390,1563
1390,1564
1390,1565
1390,1566
1568,890
1568,1263
1568,1013
1568,790
1568,1569
1571,76
1571,527
1571,324
1571,381
1571,0
1574,1572
1574,629
1574,630
1574,869
1574,31
1574,399
1574,486
1574,60
1574,640
1574,1575
1574,1576
1578,1577
1578,49
1578,73
1578,839
1578,1579
1578,1255
1581,474
1581,1198
1581,1197
1581,399
1581,1582
1581,1583
1581,55
1581,211
1581,698
1581,613
1581,1399
1581,415
1581,328
1581,1584
1581,1585
1581,1586
1581,456
1581,1587
1581,624
1581,1588
1581,213
1581,327
1581,288
1581,1589
1581,1590
1581,479
1581,1591
1581,1592
1595,1593
1595,1596
1595,380
1595,1597
1599,209
1599,36
1599,37
1599,768
1599,325
1599,927
1600,0
1600,3
1600,65
1600,66
1600,67
1600,68
1600,106
1600,5
1600,6
1600,7
1600,262
1600,8
1601,11
1601,9
1602,61
1602,62
1602,63
1602,64
1602,65
1602,106
1602,5
1602,6
1602,8
1602,7
1602,0
1602,3
1603,11
1603,9
1605,124
1605,616
1605,163
1605,158
1605,1486
1605,1028
1605,210
1605,904
1605,99
1608,1606
1608,387
1608,314
1608,678
1608,416
1608,1279
1608,1609
1608,1504
1608,277
1608,457
1608,1610
1608,446
1608,458
1608,315
1608,1611
1613,364
1616,1614
1616,1475
1616,22
1616,31
1616,533
1616,73
1616,78
1616,176
1616,1617
1616,414
1616,76
1616,12
1616,634
1616,765
1616,1618
1616,158
1616,324
1616,0
1620,1486
1620,207
1620,208
1621,0
1621,3
1621,4
1621,61
1621,62
1621,63
1621,64
1621,65
1621,66
1621,67
1621,68
1621,106
1621,5
1621,6
1621,7
1621,8
1622,11
1622,9
1624,249
1624,248
1624,11
1624,9
1624,487
1624,236
1624,287
1624,1072
1624,1074
1624,1625
1624,1626
1624,374
1624,303
1624,1418
1627,0
1627,3
1627,4
1627,61
1627,62
1627,63
1627,64
1627,65
1627,66
1627,67
1627,68
1627,106
1627,5
1627,6
1627,8
1629,488
1629,1030
1629,1630
1629,487
1629,234
1629,398
1629,1631
1629,52
1629,41
1629,1632
1629,959
1629,253
1629,559
1629,211
1629,397
1629,1633
1629,600
1634,11
1634,9
1636,498
1636,1637
1636,566
1636,7
1636,337
1636,789
1636,1490
1636,883
1636,329
1636,1638
1636,22
1636,804
1640,629
1642,1422
1642,1183
1642,177
1642,904
1642,467
1642,407
1642,346
1642,1643
1642,1275
1642,1644
1642,318
1646,1159
1646,321
1646,508
1646,829
1646,222
1646,213
1646,214
1646,379
1646,41
1646,375
1646,374
1646,1647
1646,1648
1646,181
1646,1649
1646,1637
1646,378
1646,479
1646,211
1646,739
1646,474
1650,26
1650,99
1652,1346
1652,1653
1652,90
1652,92
1652,93
1652,99
1652,593
1652,783
1652,289
1652,350
1652,290
1652,1654
1652,1655
1652,351
1652,353
1652,1656
1652,1200
1652,38
1652,1657
1652,39
1652,1658
1652,449
1652,739
1660,287
1660,53
1660,1389
1660,1001
1660,487
1660,1473
1660,833
1660,7
1660,41
1660,1661
1663,7
1666,1664
1666,31
1666,1667
1666,836
1666,245
1666,1668
1666,814
1666,959
1666,1632
1666,1372
1666,1669
1666,656
1666,1670
1666,1671
1666,655
1666,1672
1666,774
1666,624
1666,749
1666,1241
1666,1673
1666,1431
1666,1674
1666,108
1666,110
1666,496
1666,343
1666,109
1666,270
1666,25
1666,68
1666,1211
1666,155
1666,1675
1666,381
1666,1003
1666,1676
1666,1677
1666,1678
1666,66
1666,65
1666,64
1666,1164
1666,1165
1666,405
1666,781
1666,1000
1666,63
1681,1679
1681,36
1681,37
1681,258
1681,1359
1681,1682
1681,416
1681,575
1681,146
1681,574
1681,742
1681,364
1681,90
1681,863
1681,696
1681,612
1681,406
1681,462
1681,461
1681,375
1681,374
1681,287
1683,1346
1685,147
1687,574
1687,1036
1687,146
1687,727
1687,133
1687,1688
1687,149
1687,193
1687,31
1687,99
1687,634
1687,749
1687,742
1687,23
1689,0
1689,3
1689,4
1689,61
1689,62
1689,63
1689,64
1689,65
1689,66
1689,67
1689,68
1689,106
1689,5
1689,6
1689,7
1689,8
1690,11
1690,9
1691,0
1691,3
1691,4
1691,61
1691,62
1691,63
1691,64
1691,65
1691,66
1691,67
1691,68
1691,106
1691,5
1691,6
1691,7
1691,8
1692,11
1692,9
1694,97
1694,176
1694,78
1694,1007
1694,1441
1694,61
1694,276
1694,228
1694,219
1694,277
1694,337
1694,395
1694,477
1694,1695
1694,190
1694,99
1694,356
1694,470
1694,863
1694,1175
1694,1249
1697,474
1697,985
1697,26
1697,1565
1697,55
1697,99
1697,33
1697,258
1697,354
1697,1698
1697,146
1697,690
1697,693
1697,688
1697,689
1697,691
1697,692
1697,479
1700,158
1700,1701
1700,1146
1700,362
1700,1512
1700,1279
1700,49
1700,68
1700,839
1700,1702
1700,392
1700,1196
1700,843
1700,215
1704,913
1704,1705
1704,99
1704,378
1704,1572
1704,847
1704,1440
1704,300
1704,252
1704,1279
1704,308
1704,1706
1704,240
1704,1329
1704,22
1704,229
1704,448
1704,6
1704,73
1704,275
1708,55
1709,214
1709,485
1709,1710
1709,1150
1709,260
1709,9
1709,1150
1709,1711
1709,616
1709,617
1709,90
1709,9
1709,1712
1709,218
1709,253
1709,685
1709,375
1709,99
1709,9
1709,495
1709,923
1709,213
1709,26
1709,1320
1709,204
1709,296
1709,909
1709,248
1709,600
1709,613
1709,600
1709,543
1709,784
1709,1024
1709,203
1709,543
1709,260
1709,290
1709,780
1709,427
1709,1713
1709,485
1709,1714
1709,1016
1709,1661
1709,834
1709,624
1709,608
1709,690
1709,689
1709,688
1709,692
1709,693
1709,691
1709,689
1709,690
1709,825
1709,45
1709,849
1709,1715
1709,608
1709,1320
1709,1716
1709,1717
1709,732
1709,406
1709,218
1719,323
1719,1262
1719,527
1719,277
1719,513
1719,1073
1719,1072
1719,1720
1719,913
1719,1180
1719,332
1719,722
1719,1503
1719,1471
1719,968
1719,964
1719,1721
1719,1174
1719,113
1719,1722
1719,1159
1719,471
1719,724
1719,1425
1719,126
1719,1723
1719,1724
1719,1725
1719,359
1719,93
1719,89
1719,293
1719,294
1719,1726
1719,1727
1719,1167
1719,1728
1719,1729
1719,381
1719,904
1719,240
1719,159
1719,1243
1719,4
1719,254
1719,121
1719,1730
1719,559
1719,340
1719,988
1719,1731
1719,1732
1719,1733
1719,1734
1719,1590
1719,1506
1719,1505
1719,1735
1719,1736
1719,1453
1719,186
1719,756
1719,373
1738,11
1738,1739
1738,1266
1738,949
1738,260
1738,248
1738,249
1738,275
1738,5
1738,113
1738,968
1738,1609
1738,99
1738,1617
1738,909
1738,1031
1740,375
1740,47
1740,1016
1740,106
1740,9
1740,11
1740,260
1740,711
1740,1741
1740,850
1740,1742
1743,794
1745,297
1746,924
1746,176
1746,1747
1746,847
1746,83
1746,1717
1746,1157
1746,1561
1746,176
1746,379
1746,1748
1746,648
1746,995
1746,391
1746,789
1746,169
1746,172
1746,539
1746,1328
1746,1300
1746,276
1746,275
1746,280
1746,84
1746,1366
1746,85
1746,718
1750,260
1750,9
1750,11
1750,211
1750,591
1750,474
1752,897
1752,1475
1752,1300
1752,899
1752,1305
1752,490
1752,492
1752,634
1752,1175
1752,55
1752,211
1752,396
1752,1753
1752,450
1752,456
1752,177
1754,159
1757,1755
1757,1329
1757,382
1757,859
1757,1188
1759,395
1759,325
1759,259
1759,1421
1761,1309
1761,942
1761,940
1761,1064
1761,479
1761,1762
1761,1661
1761,41
1764,460
1764,539
1764,1765
1764,1766
1764,1606
1764,356
1764,1726
1764,623
1764,1053
1764,1054
1764,1340
1764,203
1764,1767
1764,1768
1764,498
1764,1769
1764,155
1764,1728
1764,1770
1764,1771
1764,714
1774,1772
1774,1775
1774,448
1774,171
1774,862
1774,492
1774,1192
1774,189
1774,1776
1778,4
1778,555
1778,595
1778,686
1778,470
1778,12
1778,634
1778,9
1778,260
1778,248
1778,567
1778,612
1778,696
1779,6
1779,7
1779,262
1779,8
1779,0
1779,3
1779,4
1779,61
1779,62
1779,63
1779,64
1779,65
1779,66
1779,67
1779,68
1779,106
1779,5
1780,11
1780,9
1781,0
1781,3
1781,4
1781,61
1781,62
1781,63
1781,64
1781,65
1781,66
1781,67
1781,68
1781,106
1781,5
1781,6
1781,7
1781,262
1781,8
1782,11
1782,9
1784,48
1784,923
1784,50
1784,15
1784,1535
1784,487
1784,318
1784,1785
1784,158
1784,1020
1784,1786
1784,1178
1784,921
1784,739
1784,1787
1784,326
1789,905
1789,1129
1789,1175
1789,1706
1789,1088
1789,1790
1789,1791
1789,519
1789,697
1789,763
1789,863
1789,1792
1789,634
1794,1177
1794,1701
1794,1795
1794,1796
1794,443
1794,442
1794,1366
1794,718
1794,1196
1794,276
1794,634
1794,357
1794,1173
1794,1797
1794,1798
1794,1799
1794,1800
1794,1801
1794,1004
1794,211
1794,55
1794,170
1794,215
1794,216
1794,86
1794,90
1804,1802
1804,756
1804,611
1804,86
1804,215
1804,216
1804,364
1804,1159
1804,1805
1804,1506
1804,721
1804,120
1804,722
1804,378
1807,179
1807,1083
1809,45
1810,1197
1810,487
1810,41
1810,495
1810,829
1811,145
1814,1812
1814,1815
1814,863
1814,1175
1814,364
1814,1485
1814,1706
1817,851
1817,804
1817,1818
1817,1084
1817,863
1817,471
1817,150
1817,1819
1817,1820
1817,333
1817,1723
1817,268
1821,208
1821,207
1821,99
1821,844
1821,356
1821,189
1821,1175
1824,1822
1824,1825
1824,158
1824,12
1824,1826
1824,1827
1824,1828
1824,289
1824,451
1824,426
1824,170
1824,447
1824,455
1824,253
1824,768
1830,736
1830,1085
1830,1569
1830,204
1830,55
1830,825
1830,354
1830,1381
1830,922
1830,230
1830,286
1830,1831
1830,1832
1830,1833
1830,193
1830,250
1830,97
1830,1834
1830,951
1830,612
1830,625
1830,1031
1830,1835
1830,470
1830,1034
1830,772
1830,781
1830,405
1830,357
1830,45
1830,296
1830,706
1830,1836
1830,1837
1830,251
1830,143
1830,160
1830,1838
1830,159
1830,1381
1830,1446
1830,364
1830,1800
1830,230
1830,229
1830,253
1830,871
1830,382
1830,155
1830,851
1841,1839
1841,1842
1841,1843
1841,1844
1841,1480
1841,15
1841,656
1841,375
1841,1845
1841,48
1841,1846
1841,1847
1841,1848
1841,1849
1841,21
1841,1850
1841,923
1841,508
1841,1851
1841,1631
1841,946
1841,1852
1841,259
1841,236
1841,1853
1841,1854
1841,1855
1841,509
1841,685
1841,1438
1841,1856
1841,403
1841,218
1841,383
1841,881
1858,1490
1858,1054
1858,556
1858,498
1858,697
1858,614
1858,806
1858,634
1858,863
1858,147
1860,478
1860,1720
1860,469
1860,325
1860,471
1860,451
1860,397
1860,591
1860,1705
1860,1091
1862,296
1862,1253
1862,30
1862,189
1862,576
1862,69
1862,664
1862,1125
1862,976
1862,295
1862,322
1862,618
1862,683
1865,1863
1865,350
1865,348
1865,289
1865,1866
1865,170
1865,514
1865,248
1865,249
1865,502
1865,9
1865,11
1868,768
1868,202
1868,1614
1868,789
1868,1869
1871,5
1871,1159
1871,6
1871,978
1871,1872
1871,1873
1871,1874
1871,1875
1871,1876
1871,1877
1871,585
1871,1878
1871,1879
1871,1880
1871,1881
1871,1552
1871,1882
1871,143
1871,1883
1871,1884
1871,1589
1871,554
1871,1885
1871,60
1871,460
1871,1884
1871,1885
1871,7
1871,308
1871,464
1871,221
1871,90
1871,739
1871,1886
1871,494
1871,1887
1871,391
1871,221
1871,1888
1871,1889
1871,1157
1871,391
1871,507
1871,129
1871,543
1871,396
1871,308
1871,1890
1871,1891
1871,507
1871,248
1871,1885
1871,260
1871,9
1871,850
1871,364
1871,913
1871,12
1871,0
1871,49
1871,221
1871,408
1871,391
1871,1717
1871,462
1892,0
1892,3
1892,4
1892,128
1892,60
1892,61
1892,62
1892,63
1892,64
1892,65
1892,66
1892,67
1892,68
1892,106
1892,5
1892,6
1892,7
1892,262
1892,8
1893,11
1893,9
1894,0
1894,3
1894,4
1894,128
1894,60
1894,61
1894,62
1894,63
1894,64
1894,65
1894,66
1894,67
1894,68
1894,106
1894,5
1894,6
1894,7
1894,262
1894,8
1895,11
1895,9
1897,470
1897,404
1897,1039
1897,1492
1897,629
1897,160
1897,569
1897,363
1897,1443
1897,405
1897,988
1897,950
1897,1898
1897,1899
1897,1900
1897,955
1897,251
1897,1901
1897,1902
1897,1903
1897,1592
1897,379
1897,1160
1897,253
1897,230
1897,1239
1897,376
1897,214
1897,213
1897,756
1897,1717
1897,461
1897,458
1897,783
1897,1158
1897,1904
1897,1905
1897,231
1897,484
1897,894
1897,328
1897,362
1897,260
1897,502
1897,9
1897,360
1897,327
1897,439
1897,43
1897,440
1906,597
1906,958
1906,1296
1906,1295
1906,260
1906,249
1906,589
1906,590
1906,508
1906,44
1906,405
1906,404
1906,416
1906,148
1906,659
1907,1486
1907,209
1907,600
1907,1898
1907,40
1907,739
1907,199
1907,213
1907,1125
1907,1489
1907,1460
1907,659
1907,1181
1907,623
1907,55
1907,658
1907,479
1907,211
1907,1908
1910,396
1911,257
1913,1266
1913,152
1913,363
1913,419
1913,1914
1913,1915
1913,66
1913,1317
1913,1435
1913,577
1913,68
1913,1916
1913,268
1913,1855
1913,1695
1913,1036
1913,270
1919,1917
1919,446
1921,431
1921,1922
1921,1923
1921,1054
1921,1175
1921,271
1921,1723
1925,723
1925,199
1925,271
1925,1158
1925,99
1925,756
1925,198
1925,221
1925,533
1925,36
1925,37
1925,189
1925,1434
1925,272
1925,900
1925,249
1925,1926
1925,656
1925,1927
1925,774
1929,1531
1929,0
1929,76
1929,757
1929,177
1929,1305
1929,377
1929,536
1929,940
1929,427
1929,1180
1929,1930
1932,1931
1933,1931
1935,727
1935,1149
1935,87
1935,215
1935,392
1935,90
1935,120
1935,611
1935,1448
1935,55
1935,694
1935,479
1935,211
1935,474
1935,396
1935,992
1935,328
1935,362
1935,997
1935,326
1935,1936
1935,1937
1935,177
1935,47
1935,214
1935,1034
1935,37
1935,259
1935,1938
1935,918
1935,1714
1939,251
1939,356
1939,844
1939,189
1939,1346
1939,99
1939,26
1941,1159
1941,1942
1941,176
1941,435
1941,447
1944,1596
1944,484
1944,1158
1944,488
1944,1157
1944,1561
1944,1717
1944,536
1944,577
1944,576
1944,1945
1944,1190
1944,187
1944,559
1948,1946
1949,73
1949,513
1949,533
1949,1074
1950,249
1952,277
1952,451
1952,69
1952,143
1952,1403
1952,1723
1952,1953
1952,126
1952,214
1952,213
1952,797
1952,763
1952,764
1952,765
1952,109
1952,496
1952,343
1952,110
1952,1674
1952,108
1952,1431
1952,1241
1952,1673
1952,1285
1952,1320
1952,159
1952,1954
1956,512
1956,53
1956,329
1956,779
1956,785
1956,1957
1956,439
1956,426
1956,1674
1956,1351
1956,1958
1956,1191
1956,245
1956,1942
1956,1959
1956,819
1956,90
1956,1148
1956,384
1956,393
1956,1092
1956,407
1956,1931
1956,1960
1956,825
1956,396
1956,1057
1956,385
1956,908
1956,1961
1956,7
1956,45
1956,441
1956,44
1956,536
1956,1473
1956,510
1956,372
1962,407
1962,1960
1962,396
1962,1057
1962,25
1962,7
1962,45
1962,441
1962,44
1962,536
1962,1473
1962,510
1962,372
1962,512
1962,779
1962,785
1962,1957
1962,426
1962,1674
1962,1959
1962,819
1962,90
1962,1148
1962,384
1962,393
1963,1125
1963,12
1963,45
1963,634
1963,315
1963,316
1964,1092
1964,1597
1965,0
1965,3
1965,4
1965,61
1965,62
1965,63
1965,64
1965,67
1965,68
1965,5
1965,6
1965,7
1965,8
1966,251
1967,9
1967,11
1968,0
1968,3
1968,4
1968,128
1968,60
1968,61
1968,63
1968,64
1968,65
1968,66
1968,67
1968,68
1968,5
1968,6
1968,7
1968,262
1968,8
1969,11
1969,9
1970,251
1972,36
1972,1359
1972,37
1972,26
1972,406
1972,461
1972,1158
1972,494
1972,141
1972,375
1972,1973
1974,257
1974,37
1974,36
1974,73
1976,55
1976,0
1976,248
1976,249
1976,837
1976,839
1976,1448
1978,646
1978,221
1978,15
1978,1566
1978,1656
1978,686
1978,1979
1978,838
1978,495
1978,839
1978,1980
1978,1981
1978,439
1978,474
1978,1982
1978,463
1978,45
1978,1931
1978,1960
1978,1983
1978,212
1978,641
1978,622
1978,290
1978,1984
1978,1985
1978,1986
1978,1987
1978,646
1978,1988
1978,646
1978,509
1978,230
1978,1987
1978,1989
1978,88
1978,891
1978,1980
1978,1981
1978,536
1978,1463
1978,1183
1978,1990
1978,479
1978,1492
1978,781
1978,1149
1978,1148
1978,322
1978,806
1978,789
1978,1991
1978,405
1978,470
1978,1039
1978,772
1978,12
1978,1384
1978,1992
1978,536
1978,837
1978,20
1978,479
1978,1993
1978,839
1978,686
1978,796
1978,553
1978,1994
1978,124
1978,230
1978,839
1978,225
1978,837
1978,838
1978,553
1978,759
1978,12
1978,578
1978,956
1978,290
1978,622
1978,593
1978,1995
1978,958
1978,451
1978,596
1978,313
1978,396
1978,618
1978,1989
1978,474
1978,495
1978,833
1978,952
1978,833
1978,1404
1978,228
1978,322
1978,1996
1978,829
1978,229
1978,522
1978,234
1978,1148
1978,361
1978,1597
1978,15
1978,16
1978,1997
1978,788
1978,640
1978,710
1978,1720
1978,787
1978,497
1978,632
1978,631
1978,47
1978,463
1978,1998
2001,1999
2001,11
2001,248
2001,249
2001,9
2001,1561
2003,164
2003,61
2003,1572
2003,1249
2003,166
2003,1869
2003,755
2003,165
2003,579
2003,1067
2003,304
2003,305
2003,1513
2003,845
2003,950
2003,1279
2003,1445
2003,306
2003,115
2003,1068
2003,107
2003,1068
2003,116
2003,1899
2003,1443
2003,845
2003,1169
2003,117
2003,2004
2003,1898
2003,909
2006,97
2006,707
2006,176
2006,78
2006,756
2006,757
2006,1159
2006,651
2006,1508
2006,732
2006,15
2006,1480
2006,16
2006,260
2006,11
2006,502
2006,249
2006,248
2008,26
2008,189
2008,684
2008,1670
2008,1671
2008,657
2008,1672
2008,389
2008,1054
2008,1504
2008,99
2008,835
2008,656
2008,2009
2008,143
2008,355
2008,36
2008,37
2008,258
2010,228
2010,1410
2010,41
2010,732
2010,474
2010,55
2010,1513
2010,527
2010,494
2010,17
2010,406
2010,277
2010,88
2010,287
2012,599
2012,193
2012,48
2012,337
2012,467
2012,297
2012,298
2012,180
2013,527
2015,1435
2015,634
2015,1688
2015,133
2015,228
2015,6
2015,5
2015,61
2015,890
2015,909
2015,146
2015,1617
2015,43
2015,439
2015,60
2015,128
2015,813
2015,961
2015,470
2015,749
2015,145
2015,12
2015,882
2015,881
2015,1511
2018,2016
2018,489
2018,53
2018,1158
2018,723
2018,756
2018,757
2018,833
2018,1661
2018,834
2018,1945
2018,1164
2018,61
2018,853
2018,251
2018,2019
2018,2020
2018,1465
2018,1445
2018,252
2022,942
2022,1300
2022,303
2022,305
2022,304
2024,714
2024,133
2026,634
2026,1267
2026,76
2026,1673
2026,789
2026,576
2026,577
2026,406
2026,462
2026,461
2026,6
2026,533
2028,1526
2029,922
2031,2030
2032,1328
2032,899
2032,491
2032,492
2032,675
2032,485
2034,1499
2034,212
2034,1030
2034,1029
2034,960
2034,1630
2034,2035
2034,1081
2034,170
2034,211
2034,55
2034,1064
2034,1047
2034,1133
2034,2036
2034,306
2034,1237
2038,1723
2038,1059
2038,2039
2038,567
2038,69
2041,1643
2041,380
2043,2042
2045,794
2045,1371
2047,664
2049,164
2049,904
2049,1490
2049,850
2049,439
2049,245
2049,814
2049,357
2049,352
2049,2050
2049,378
2049,764
2049,765
2049,470
2049,91
2049,364
2049,755
2053,2051
2053,2054
2053,2055
2053,863
2057,441
2057,260
2057,516
2057,86
2057,642
2057,215
2057,253
2057,1175
2057,240
2057,1002
2057,913
2057,851
2057,850
2057,460
2057,1468
2057,216
2057,2058
2057,1796
2057,1177
2057,1597
2057,120
2057,213
2057,46
2060,1033
2060,1720
2062,540
2062,68
2062,199
2064,0
2066,1597
2066,213
2067,263
2067,263
2068,1723
2070,1698
2070,1125
2072,1371
2074,1637
2074,374
2075,173
2075,980
2075,98
2075,932
2078,2076
2078,2079
2078,1371
2078,76
2078,2080
2078,1486
2078,4
2078,2039
2082,0
2082,210
2082,325
2082,1923
2082,198
2082,156
2082,382
2082,403
2082,3
2082,189
2082,311
2082,481
2082,794
2082,454
2082,455
2082,869
2082,1606
2082,605
2082,1305
2082,1328
2082,491
2082,492
2082,1048
2082,2083
2082,211
2082,961
2082,1181
2082,1182
2082,637
2085,713
2088,2086
2089,1176
2089,271
2089,2090
2089,1050
2089,2091
2089,863
2089,2092
2089,1953
2089,214
2089,213
2089,9
2089,242
2089,1129
2089,1922
2089,2093
2089,2094
2089,724
2089,543
2089,543
2089,42
2089,334
2089,1504
2089,1052
2089,200
2089,1476
2089,1863
2089,2095
2097,66
2097,65
2097,67
2097,22
2097,23
2097,68
2097,906
2097,2098
2097,275
2097,227
2097,679
2097,723
2097,73
2097,455
2097,249
2097,9
2097,160
2097,11
2097,170
2097,1846
2097,2099
2097,324
2097,1160
2097,762
2097,0
2097,1959
2097,1942
2101,1945
2101,2102
2101,1762
2104,1637
2104,384
2104,890
2104,503
2104,1958
2104,1669
2104,1372
2104,1632
2104,814
2104,245
2104,1668
2104,1191
2104,2105
2104,1351
2104,12
2104,536
2107,99
2107,207
2107,208
2107,727
2107,474
2107,451
2107,1792
2107,92
2107,93
2107,90
2107,54
2109,285
2109,296
2109,592
2109,976
2109,12
2109,906
2109,1702
2109,160
2109,159
2109,189
2109,110
2109,343
2109,496
2109,1705
2109,913
2109,1720
2109,451
2109,992
2109,1149
2109,448
2109,895
2109,1084
2111,327
2111,632
2111,20
2111,1597
2111,240
2111,1506
2111,1505
2111,838
2111,778
2111,82
2111,508
2112,844
2112,1488
2114,240
2114,1720
2114,1485
2116,84
2116,328
2116,2117
2116,2118
2116,788
2116,427
2116,124
2116,235
2116,1063
2116,822
2116,1437
2116,944
2116,975
2116,362
2116,234
2116,276
2116,5
2116,468
2116,2119
2116,87
2116,440
2116,1381
2116,631
2116,1996
2116,199
2116,2120
2116,789
2116,457
2116,276
2122,159
2122,22
2122,851
2122,852
2122,850
2122,7
2122,727
2122,364
2122,164
2122,1250
2122,1869
2122,166
2122,498
2122,556
2122,764
2122,765
2122,634
2122,460
2122,361
2122,326
2122,379
2122,160
2122,130
2122,1371
2122,141
2122,552
2122,1674
2122,1673
2122,1285
2122,1241
2122,1285
2122,1431
2122,1674
2122,2123
2122,502
2122,527
2122,2124
2122,1775
2122,460
2122,68
2122,1923
2122,488
2122,862
2122,1398
2122,787
2122,1018
2122,1834
2122,714
2122,1722
2122,373
2122,756
2122,457
2122,1158
2122,723
2122,447
2122,494
2122,17
2122,1610
2122,459
2122,458
2122,337
2122,373
2122,235
2122,527
2122,467
2122,269
2122,522
2122,454
2122,242
2122,1722
2122,1159
2122,1722
2122,756
2122,240
2122,285
2122,1597
2126,972
2126,2127
2126,974
2126,961
2126,1156
2126,396
2126,1176
2126,271
2126,962
2128,211
2128,707
2128,932
2130,258
2130,36
2130,33
2132,499
2132,2133
2132,2134
2132,483
2132,481
2136,1399
2136,277
2136,219
2136,239
2136,325
2136,982
2136,1472
2136,1720
2136,913
2136,1705
2136,611
2136,242
2136,2137
2136,86
2136,216
2139,287
2139,52
2139,832
2139,47
2139,41
2139,217
2139,54
2141,548
2144,2142
2144,1491
2144,62
2146,1723
2148,11
2148,193
2148,739
2148,553
2148,976
2148,448
2148,26
2148,21
2148,634
2148,20
2148,16
2148,1480
2148,15
2148,1481
2148,1637
2148,487
2148,41
2148,287
2148,398
2148,2149
2148,1996
2148,788
2148,447
2148,956
2148,958
2148,768
2148,1130
2148,23
2148,742
2148,749
2148,145
2148,236
2148,881
2148,2150
2148,502
2148,249
2148,269
2148,523
2148,522
2152,49
2152,0
2152,324
2152,1255
2152,1447
2152,289
2152,2153
2152,349
2152,350
2152,348
2152,1866
2152,1618
2152,514
2152,8
2152,847
2152,1050
2152,251
2155,43
2155,509
2155,48
2155,1805
2155,471
2155,54
2157,15
2157,2158
2157,1485
2157,825
2157,739
2157,55
2157,492
2157,490
2157,1448
2157,76
2157,0
2157,120
2157,591
2157,1293
2157,615
2157,778
2157,536
2157,395
2157,1081
2157,485
2157,269
2157,177
2157,605
2157,899
2160,797
2160,763
2160,2161
2160,972
2160,694
2160,2142
2160,396
2160,277
2160,219
2160,228
2163,488
2163,451
2163,1178
2163,1996
2163,789
2163,985
2163,984
2163,290
2163,621
2163,54
2165,2164
2165,2166
2165,1144
2165,87
2165,2167
2165,2168
2165,63
2165,216
2165,431
2165,556
2165,116
2165,1169
2165,1279
2165,2169
2165,1129
2165,577
2165,576
2165,2170
2165,127
2165,813
2165,464
2165,845
2165,2171
2165,523
2165,1445
2165,1668
2165,416
2165,1388
2165,454
2165,455
2165,2172
2165,906
2165,762
2165,380
2165,467
2165,481
2165,254
2165,213
2165,2173
2165,1765
2165,1457
2165,528
2165,78
2165,2174
2165,634
2165,755
2165,158
2165,329
2165,159
2165,240
2165,2175
2165,764
2165,797
2165,11
2165,45
2165,852
2165,1477
2165,1020
2165,749
2165,285
2165,343
2165,727
2165,1242
2165,1253
2165,147
2165,793
2165,470
2165,61
2165,2176
2165,2177
2165,1511
2165,303
2165,569
2165,2178
2165,1125
2165,2179
2165,2180
2165,1340
2165,2181
2165,176
2165,1113
2184,2182
2184,2185
2184,393
2184,362
2184,87
2184,328
2184,484
2184,2186
2184,326
2184,362
2184,360
2184,2187
2184,1993
2184,2188
2184,1770
2184,40
2184,1026
2184,369
2184,15
2184,39
2184,2189
2184,1987
2184,881
2184,923
2184,948
2184,0
2184,1029
2184,387
2184,16
2184,1480
2184,15
2184,26
2184,1016
2184,685
2184,1482
2184,1025
2184,1026
2184,1672
2184,1770
2184,567
2184,328
2184,360
2184,484
2184,316
2184,315
2184,494
2184,782
2184,209
2190,87
2190,2191
2190,1159
2190,724
2190,431
2190,115
2190,1279
2190,733
2190,1174
2190,1175
2190,1129
2190,577
2190,69
2190,533
2190,658
2190,88
2190,1434
2190,76
2190,41
2190,847
2190,845
2190,952
2190,2192
2190,1900
2190,843
2190,2193
2190,455
2190,794
2190,2194
2190,240
2190,462
2190,764
2190,852
2190,148
2190,2195
2190,356
2190,2196
2190,1266
2190,2177
2190,152
2190,1068
2190,1513
2190,5
2190,1074
2190,2180
2190,176
2190,1113
2197,40
2197,2164
2197,2198
2197,2120
2197,2199
2197,60
2197,1398
2197,1399
2197,83
2197,1149
2197,87
2197,471
2197,1404
2197,42
2197,724
2197,64
2197,2200
2197,332
2197,1411
2197,431
2197,543
2197,2094
2197,1168
2197,1169
2197,733
2197,2201
2197,1129
2197,577
2197,69
2197,576
2197,185
2197,913
2197,276
2197,533
2197,2202
2197,464
2197,76
2197,217
2197,487
2197,942
2197,1307
2197,2203
2197,845
2197,2171
2197,503
2197,953
2197,954
2197,2192
2197,1900
2197,838
2197,1798
2197,657
2197,2204
2197,2193
2197,1388
2197,454
2197,455
2197,2205
2197,204
2197,213
2197,2173
2197,980
2197,1243
2197,340
2197,984
2197,985
2197,986
2197,89
2197,918
2197,528
2197,1617
2197,1748
2197,360
2197,78
2197,1001
2197,166
2197,1468
2197,158
2197,159
2197,160
2197,714
2197,240
2197,1618
2197,1011
2197,2206
2197,2175
2197,764
2197,797
2197,2207
2197,44
2197,11
2197,642
2197,45
2197,851
2197,1020
2197,749
2197,742
2197,343
2197,1253
2197,324
2197,515
2197,377
2197,147
2197,2195
2197,1490
2197,575
2197,1311
2197,793
2197,26
2197,61
2197,2196
2197,1266
2197,3
2197,2177
2197,904
2197,303
2197,305
2197,1512
2197,1068
2197,1513
2197,854
2197,5
2197,1074
2197,378
2197,2208
2197,2209
2197,2210
2197,2211
2197,124
2197,2212
2197,2179
2197,2213
2197,2214
2197,2215
2197,2181
2197,176
2197,252
2197,1090
2197,1312
2197,1113
2217,2216
2219,759
2219,971
2219,434
2219,248
2219,2220
2219,93
2219,211
2219,600
2219,1705
2219,2221
2219,2222
2219,307
2219,145
2219,895
2219,30
2219,1189
2219,794
2219,732
2219,248
2219,99
2219,455
2219,65
2219,2223
2219,1293
2219,447
2219,460
2219,1465
2219,526
2219,2020
2219,209
2219,30
2219,50
2219,1015
2219,2036
2219,1802
2219,1020
2219,965
2219,170
2219,1866
2219,248
2219,11
2219,9
2219,2221
2219,392
2219,790
2219,211
2219,485
2219,29
2219,28
2219,1831
2219,286
2219,273
2219,193
2219,2224
2219,120
2219,26
2219,99
2219,310
2219,1516
2219,2225
2219,215
2219,1995
2219,711
2219,1511
2219,176
2219,331
2219,1961
2219,1748
2219,311
2226,958
2226,1672
2226,630
2226,2035
2226,547
2226,962
2226,963
2226,965
2226,451
2226,967
2226,618
2226,120
2226,1448
2226,55
2226,684
2226,2227
2226,678
2226,416
2226,277
2226,275
2226,73
2226,868
2226,1726
2226,2204
2226,970
2226,1388
2226,454
2226,455
2226,484
2226,488
2226,971
2226,972
2226,973
2226,974
2226,975
2226,2228
2226,221
2226,1917
2226,380
2226,977
2226,481
2226,978
2226,203
2226,204
2226,213
2226,214
2226,1243
2226,2229
2226,387
2226,161
2226,744
2226,769
2226,1211
2226,1454
2226,2230
2226,2231
2226,2232
2226,2233
2226,457
2226,1610
2226,446
2226,458
2226,982
2226,875
2226,1254
2226,2234
2226,555
2226,983
2226,985
2226,1456
2226,1457
2226,18
2226,871
2226,625
2226,987
2226,1459
2226,43
2226,1461
2226,989
2226,241
2226,991
2226,89
2226,918
2226,992
2226,528
2226,799
2226,994
2226,2235
2226,802
2226,1617
2226,498
2226,391
2226,996
2226,143
2226,997
2226,144
2226,326
2226,328
2226,2236
2226,1268
2226,2020
2226,306
2226,379
2226,1000
2226,1467
2226,1363
2226,1001
2226,634
2226,166
2226,828
2226,158
2226,1675
2226,181
2226,159
2226,160
2226,1005
2226,292
2226,1006
2226,2237
2226,1661
2226,53
2226,921
2226,1010
2226,714
2226,1618
2226,512
2226,417
2226,510
2226,832
2226,51
2226,52
2226,1014
2226,2238
2226,287
2226,508
2226,230
2226,509
2226,251
2226,1016
2226,853
2226,406
2226,462
2226,633
2226,605
2226,899
2226,694
2226,1305
2226,606
2226,1328
2226,483
2226,1299
2226,675
2226,1017
2226,491
2226,490
2226,492
2226,898
2226,897
2226,607
2226,2239
2226,234
2226,398
2226,2149
2226,21
2226,765
2226,763
2226,797
2226,44
2226,441
2226,538
2226,1476
2226,642
2226,218
2226,47
2226,408
2226,1020
2226,1021
2226,486
2226,749
2226,742
2226,655
2226,1671
2226,37
2226,33
2226,613
2226,1022
2226,599
2226,397
2226,591
2226,478
2226,477
2226,783
2226,15
2226,1480
2226,16
2226,7
2226,1248
2226,687
2226,1024
2226,1025
2226,448
2226,677
2226,2240
2226,296
2226,1688
2226,403
2226,891
2226,1253
2226,1713
2226,145
2226,882
2226,312
2226,311
2226,2241
2226,395
2226,377
2226,1029
2226,1030
2226,502
2226,274
2226,337
2226,1130
2226,310
2226,1034
2226,249
2226,248
2226,260
2226,2242
2226,2243
2226,1489
2226,497
2226,49
2226,463
2226,700
2226,686
2226,2244
2226,479
2226,211
2226,187
2226,146
2226,574
2226,739
2226,793
2226,1037
2226,1038
2226,501
2226,474
2226,26
2226,99
2226,207
2226,208
2226,844
2226,209
2226,405
2226,772
2226,1039
2226,1042
2226,1043
2226,2245
2226,1322
2226,1048
2226,1497
2226,61
2226,1276
2226,2246
2226,1502
2226,2196
2226,1503
2226,1053
2226,1055
2226,1266
2226,270
2226,25
2226,1056
2226,1508
2226,651
2226,2247
2226,1371
2226,1509
2226,2248
2226,1058
2226,1061
2226,1063
2226,1064
2226,874
2226,2249
2226,2250
2226,2150
2226,2251
2226,2252
2226,67
2226,152
2226,303
2226,1068
2226,1513
2226,854
2226,1514
2226,6
2226,5
2226,220
2226,1072
2226,1073
2226,1074
2226,513
2226,848
2226,1637
2226,2253
2226,1076
2226,396
2226,378
2226,355
2226,354
2226,293
2226,294
2226,1114
2226,1116
2226,1117
2226,639
2226,1517
2226,1120
2226,331
2226,1521
2226,2254
2226,2255
2226,1522
2226,2256
2226,1246
2226,825
2226,1828
2226,1638
2226,12
2226,173
2226,1124
2226,1579
2226,2257
2226,2258
2226,768
2226,1125
2226,664
2226,383
2226,731
2226,19
2226,381
2226,210
2226,121
2226,2221
2226,93
2226,359
2226,198
2226,1079
2226,1080
2226,2259
2226,1340
2226,1082
2226,170
2226,289
2226,2260
2226,2261
2226,176
2226,435
2226,1884
2226,777
2226,0
2226,1087
2226,1532
2226,1088
2226,1791
2226,923
2226,1089
2226,924
2226,300
2226,2262
2226,2263
2226,422
2226,2264
2226,2265
2226,1338
2226,1090
2226,1093
2226,2266
2226,1535
2226,616
2226,1094
2226,2267
2226,2268
2226,2269
2226,2270
2226,2271
2226,2272
2226,2273
2226,412
2226,2274
2226,1105
2226,2275
2226,2276
2226,1107
2226,1557
2226,1559
2226,2277
2226,2278
2226,1560
2226,2279
2226,1109
2226,1110
2226,2280
2226,2281
2226,2282
2226,1112
2226,2283
2226,1113
2226,40
2226,557
2226,1389
2226,1945
2226,1923
2226,2284
2226,2285
2226,1769
2226,1142
2226,212
2226,1398
2226,384
2226,2286
2226,771
2226,1148
2226,83
2226,1149
2226,87
2226,327
2226,479
2226,12
2226,726
2226,359
2226,2287
2226,55
2226,447
2226,759
2226,1017
2226,675
2226,474
2226,362
2226,711
2226,1152
2226,1406
2226,912
2226,1156
2226,314
2226,1561
2226,1158
2226,723
2226,757
2226,756
2226,1159
2226,1160
2226,1408
2226,1163
2226,1409
2226,1984
2226,2288
2226,1165
2226,63
2226,732
2226,748
2226,332
2226,713
2226,2289
2226,1166
2226,543
2226,1922
2226,1167
2226,1168
2226,116
2226,1169
2226,117
2226,1279
2226,1171
2226,733
2226,1172
2226,90
2226,1653
2226,1174
2226,1129
2226,2290
2226,1417
2226,1591
2226,2291
2226,1176
2226,271
2226,2058
2226,1178
2226,69
2226,2292
2226,1179
2226,2293
2226,1418
2226,2294
2226,1180
2226,257
2226,622
2226,290
2226,1181
2226,1422
2226,1734
2226,1190
2226,185
2226,913
2226,1423
2226,2295
2226,276
2226,533
2226,228
2226,219
2226,679
2226,658
2226,516
2226,135
2226,890
2226,2118
2226,2117
2226,376
2226,640
2226,2296
2226,1428
2226,2297
2226,1385
2226,565
2226,2298
2226,1433
2226,1434
2226,1198
2226,466
2226,2299
2226,48
2226,22
2226,23
2226,936
2226,938
2226,217
2226,487
2226,41
2226,940
2226,941
2226,942
2226,728
2226,1307
2226,602
2226,750
2226,2300
2226,2301
2226,922
2226,268
2226,1439
2226,410
2226,1440
2226,847
2226,1739
2226,2171
2226,39
2226,948
2226,949
2226,236
2226,523
2226,235
2226,522
2226,1442
2226,2302
2226,1444
2226,950
2226,375
2226,374
2226,1221
2226,1631
2226,932
2226,98
2226,97
2226,114
2226,952
2226,2303
2226,953
2226,2192
2226,1900
2226,955
2226,414
2226,1446
2226,92
2226,838
2226,837
2226,225
2226,594
2226,493
2226,956
2226,957
2226,597
2305,2304
2307,135
2307,909
2307,270
2308,142
2308,135
2308,908
2308,337
2308,11
2308,502
2308,260
2308,249
2308,248
2308,625
2308,1260
2309,1825
2309,2310
2309,2311
2312,1769
2312,350
2312,2313
2312,1099
2312,726
2312,2314
2312,2315
2312,1728
2312,1796
2312,2316
2318,78
2318,81
2318,97
2318,771
2318,430
2318,1149
2318,992
2318,84
2318,1366
2318,276
2318,275
2318,337
2318,69
2318,177
2319,1022
2320,102
2322,159
2322,16
2322,15
2322,1480
2322,55
2322,395
2322,377
2322,12
2322,447
2322,896
2322,455
2322,595
2322,1047
2322,1322
2322,552
2322,211
2322,2323
2322,1081
2322,591
2322,397
2322,478
2322,599
2322,477
2322,613
2322,2324
2322,1714
2322,536
2322,1370
2326,360
2326,328
2326,362
2326,87
2326,361
2329,2327
2329,908
2329,25
2329,1267
2329,50
2329,1254
2329,329
2329,614
2329,2330
2329,614
2329,198
2329,2331
2329,2332
2329,1632
2329,2333
2329,739
2329,159
2329,2334
2329,420
2329,313
2329,773
2329,2335
2329,773
2329,1438
2329,132
2329,179
2329,1004
2329,1535
2329,2119
2329,2336
2329,230
2329,509
2329,229
2329,508
2329,637
2329,2337
2329,185
2329,2300
2329,2338
2329,2339
2329,2340
2329,2341
2329,1995
2329,711
2329,1995
2329,2204
2329,2193
2329,1438
2329,2342
2329,2343
2329,788
2329,1193
2329,19
2329,2222
2329,1366
2329,2344
2329,2345
2329,47
2329,2200
2329,106
2329,997
2329,2346
2329,889
2329,1848
2329,1849
2329,1720
2348,377
2348,395
2348,478
2348,613
2348,55
2348,211
2348,120
2348,479
2348,474
2348,739
2348,193
2348,825
2348,471
2348,1945
2348,273
2348,1831
2348,286
2348,1957
2348,779
2348,289
2348,968
2348,2119
2348,12
2348,229
2348,499
2348,90
2348,863
2348,749
2348,742
2349,825
2349,1566
2349,42
2349,1722
2349,215
2349,216
2349,86
2349,392
2349,90
2349,1174
2349,1922
2349,543
2349,1175
2349,1723
2349,321
2349,2092
2349,1953
2349,268
2349,2350
2349,611
2349,251
2349,634
2349,853
2349,150
2349,1114
2349,93
2349,687
2349,269
2349,732
2349,578
2349,893
2349,859
2349,863
2349,294
2349,220
2349,1116
2349,1516
2349,630
2351,739
2353,1566
2353,724
2353,1922
2353,530
2353,634
2353,2354
2353,2091
2353,711
2353,126
2353,528
2353,307
2353,1414
2353,2196
2353,252
2353,1488
2355,1597
2355,462
2355,406
2355,513
2355,1074
2355,17
2355,447
2355,479
2355,253
2355,211
2355,536
2355,135
2355,765
2357,73
2357,2192
2357,454
2357,552
2357,455
2357,1198
2357,236
2357,523
2357,375
2357,1159
2357,1834
2357,55
2357,275
2357,1505
2359,54
2359,176
2361,177
2361,1371
2362,1371
2364,634
2366,76
2366,271
2366,1276
2366,1360
2366,1434
2366,1032
2366,99
2366,189
2368,961
2368,662
2368,1889
2368,292
2368,824
2368,1617
2368,2369
2368,909
2368,1266
2368,797
2368,764
2368,763
2368,765
2368,883
2371,486
2371,909
2371,576
2371,159
2371,254
2371,1444
2371,113
2371,2142
2371,158
2371,2194
2371,1444
2371,69
2371,2372
2371,2373
2371,2374
2371,1755
2371,1279
2371,808
2371,1067
2371,579
2371,363
2371,680
2371,340
2371,1188
2371,303
2371,822
2371,1414
2371,854
2371,1068
2371,1175
2371,863
2376,128
2376,1336
2376,60
2376,374
2376,45
2376,89
2376,1210
2376,1669
2376,325
2376,471
2376,1434
2376,16
2376,966
2376,87
2376,327
2376,54
2377,1252
2377,1037
2377,600
2377,1491
2377,2142
2377,1301
2377,633
2377,1454
2377,211
2377,55
2377,212
2377,479
2377,474
2377,602
2377,1498
2377,820
2377,1081
2377,7
2377,426
2377,536
2377,1032
2377,1130
2377,1267
2377,1033
2377,333
2377,1820
2377,1311
2377,793
2377,1016
2377,141
2377,287
2377,375
2377,949
2377,20
2377,1766
2377,639
2377,1535
2377,983
2377,242
2377,573
2377,2378
2377,314
2377,316
2377,1486
2377,634
2377,1456
2377,337
2377,193
2377,499
2377,1029
2377,869
2377,177
2377,818
2377,1930
2377,16
2377,15
2377,1480
2377,1481
2377,1251
2377,1168
2377,808
2377,1414
2377,228
2377,73
2377,220
2377,527
2377,275
2377,1517
2377,1518
2377,1160
2377,373
2380,1248
2380,687
2380,106
2380,707
2380,81
2380,952
2380,248
2380,9
2380,837
2380,594
2380,160
2380,0
2380,839
2380,76
2380,6
2380,5
2380,276
2380,1726
2380,732
2382,533
2382,6
2382,1446
2382,209
2382,251
2382,474
2382,337
2382,1726
2382,2383
2382,215
2382,86
2382,216
2382,1320
2382,211
2384,727
2385,1246
2385,441
2387,11
2387,249
2387,248
2387,474
2387,2388
2387,2389
2387,211
2387,479
2387,634
2387,742
2387,749
2387,2390
2391,790
2391,971
2391,1312
2391,321
2391,2142
2391,909
2391,485
2391,842
2391,837
2391,115
2391,925
2391,106
2391,1437
2391,1856
2391,1717
2391,5
2391,1717
2391,1157
2391,1561
2391,707
2391,106
2391,924
2391,311
2391,723
2392,1146
2392,933
2392,771
2392,436
2392,1403
2392,1148
2392,83
2392,1149
2392,327
2392,362
2392,361
2392,2393
2392,1151
2392,2394
2392,316
2392,315
2392,314
2392,2225
2392,215
2392,732
2392,392
2392,90
2392,357
2392,1653
2392,271
2392,1177
2392,1796
2392,2058
2392,444
2392,622
2392,290
2392,621
2392,276
2392,533
2392,228
2392,219
2392,658
2392,135
2392,890
2392,1285
2392,1673
2392,1241
2392,1674
2392,1333
2392,410
2392,141
2392,932
2392,98
2392,707
2392,97
2392,414
2392,500
2392,92
2392,963
2392,426
2392,965
2392,451
2392,966
2392,618
2392,120
2392,55
2392,280
2392,277
2392,275
2392,73
2392,102
2392,484
2392,488
2392,231
2392,221
2392,43
2392,440
2392,918
2392,992
2392,498
2392,996
2392,143
2392,328
2392,106
2392,358
2392,379
2392,634
2392,1869
2392,159
2392,1575
2392,287
2392,230
2392,509
2392,829
2392,222
2392,46
2392,113
2392,125
2392,538
2392,130
2392,253
2392,218
2392,1479
2392,1359
2392,37
2392,36
2392,33
2392,259
2392,1022
2392,599
2392,397
2392,591
2392,478
2392,477
2392,395
2392,502
2392,274
2392,249
2392,260
2392,211
2392,193
2392,474
2392,2395
2392,2396
2392,122
2392,2397
2392,2398
2392,25
2392,177
2392,2399
2392,6
2392,5
2392,2400
2392,1072
2392,1073
2392,1074
2392,513
2392,396
2392,354
2392,825
2392,2221
2392,93
2392,2401
2392,2402
2392,2403
2392,2404
2392,2405
2392,81
2392,2406
2392,2407
2409,1461
2409,249
2409,906
2409,146
2409,30
2409,2410
2409,786
2409,563
2409,54
2411,2295
2411,315
2411,1674
2411,211
2411,2412
2411,316
2411,2413
2411,819
2411,212
2411,630
2411,1514
2411,2414
2411,1221
2411,1631
2411,33
2411,147
2411,314
2411,280
2411,220
2411,2202
2411,1148
2411,177
2411,503
2411,1609
2411,218
2411,248
2411,1252
2411,1094
2411,1819
2416,634
2416,863
2416,806
2416,2137
2416,414
2416,201
2416,467
2416,202
2416,527
2416,641
2416,73
2418,276
2418,53
2418,1351
2418,479
2418,486
2418,1466
2418,160
2421,2419
2421,1879
2421,2422
2421,2423
2421,2424
2421,2425
2421,1220
2421,908
2421,385
2421,384
2421,1282
2421,2426
2421,2120
2421,561
2421,1380
2421,2427
2421,0
2421,377
2421,2428
2421,460
2421,329
2421,883
2421,1856
2421,1456
2421,1717
2421,2429
2421,1128
2421,1714
2421,2430
2421,2431
2421,393
2421,1328
2421,2432
2421,1837
2421,447
2421,2185
2421,560
2421,561
2421,1248
2421,687
2421,99
2421,2433
2421,1144
2421,373
2421,642
2421,1092
2421,999
2421,423
2421,2434
2421,2435
2421,2436
2421,1826
2421,932
2438,55
2438,1631
2438,2439
2438,552
2438,732
2438,89
2438,249
2438,11
2438,455
2438,356
2438,211
2438,844
2438,354
2438,276
2438,486
2438,209
2438,426
2438,1866
2438,348
2438,2440
2438,16
2438,15
2438,1717
2438,1959
2438,1856
2438,1480
2438,325
2438,471
2438,1597
2438,1834
2438,639
2438,1119
2438,1118
2438,533
2438,337
2438,789
2438,932
2438,106
2441,923
2441,128
2441,129
2441,1062
2441,2442
2441,494
2441,488
2441,231
2441,2443
2441,1834
2441,337
2441,276
2441,696
2441,597
2441,957
2441,160
2441,219
2441,454
2441,566
2441,447
2441,1953
2441,97
2445,597
2445,360
2445,361
2445,1144
2445,411
2445,54
2445,327
2446,1301
2446,605
2446,891
2446,2447
2446,2448
2446,241
2446,988
2446,559
2450,513
2452,160
2452,2453
2452,2344
2452,2303
2452,2345
2452,327
2452,277
2452,621
2452,622
2452,337
2452,1855
2452,451
2452,2454
2452,2455
2452,397
2452,477
2452,599
2452,591
2452,249
2452,260
2452,76
2452,0
2452,379
2452,851
2452,553
2452,2456
2452,356
2452,248
2452,993
2452,994
2452,2457
2452,2458
2452,2459
2452,414
2461,2350
2461,173
2461,1317
2463,2462
2464,655
2465,1672
2466,907
2467,1593
2469,2468
2471,2470
2472,565
2474,2473
2475,603
2477,2476
2478,1429
2479,1611
2480,1728
2481,1114
2482,975
2483,102
2485,2484
2486,1497
2487,2454
2488,2330
2490,2489
2492,2491
2493,2453
2495,2494
2496,2127
2498,2497
2500,891
2500,2501
2500,2502
2500,2503
2500,1340
2500,312
2500,311
2500,1156
2500,2504
2500,2505
2500,2440
2500,1583
2500,1063
2500,1587
2500,1582
2500,2506
2500,730
2500,1741
2500,2507
2500,904
2500,2508
2500,749
2500,1072
2500,54
2511,2509
2511,1643
2511,1005
2511,2350
2511,158
2511,1721
2511,1236
2511,1242
2511,25
2511,1313
2511,559
2511,393
2511,1245
2511,1244
2511,570
2511,1682
2511,92
2511,904
2511,340
2511,249
2511,1149
2511,992
2511,68
2511,324
2511,177
2512,172
2512,360
2512,361
2512,326
2512,1544
2512,2513
2512,1030
2512,1029
2512,2514
2512,2515
2512,2516
2512,1847
2512,1543
2512,2517
2512,2518
2519,1644
2521,378
2521,1175
2521,90
2521,92
2521,358
2521,91
2521,500
2521,508
2521,176
2521,918
2521,359
2521,54
2522,1142
2524,2523
2525,1051
2527,504
2527,1474
2527,506
2527,505
2527,231
2527,488
2527,484
2527,1158
2527,723
2527,132
2527,461
2527,1561
2527,1157
2528,496
2528,109
2528,344
2528,343
2528,110
2528,345
2530,2529
2532,260
2532,248
2532,249
2532,9
2532,495
2532,211
2532,86
2532,2186
2532,1632
2532,1836
2532,1677
2532,48
2532,230
2532,379
2532,213
2532,172
2532,44
2532,478
2532,2324
2532,216
2532,991
2532,2533
2532,2105
2532,315
2532,2291
2532,968
2532,1676
2532,1199
2532,271
2532,2193
2532,88
2532,657
2532,2335
2532,1126
2532,1726
2532,1158
2532,723
2532,2534
2532,181
2532,2535
2532,1838
2532,6
2532,378
2532,346
2532,1414
2532,1572
2532,277
2532,1648
2532,38
2532,913
2532,462
2532,220
2532,337
2532,552
2532,16
2532,179
2532,447
2532,214
2532,15
2532,1480
2532,1481
2532,1146
2532,445
2532,718
2532,1003
2532,1923
2532,440
2532,533
2532,987
2532,461
2532,2173
2532,406
2532,863
2536,1276
2538,1313
2538,308
2538,1511
2538,1633
2538,965
2538,350
2538,170
2538,289
2538,451
2538,329
2538,894
2538,959
2538,657
2538,1228
2538,1401
2538,2539
2538,1638
2538,508
2538,222
2538,829
2538,301
2538,305
2538,303
2538,1067
2538,764
2538,495
2538,12
2538,739
2538,337
2538,150
2538,1089
2541,73
2541,219
2541,274
2541,6
2541,5
2541,2142
2541,9
2541,470
2541,68
2541,558
2541,460
2543,135
2543,890
2543,55
2543,22
2543,23
2543,120
2543,634
2545,715
2545,2546
2545,1643
2548,634
2548,383
2550,37
2550,258
2550,36
2550,33
2550,528
2550,2171
2550,1440
2550,1572
2550,61
2550,253
2550,1618
2550,2260
2550,2261
2550,1168
2550,851
2550,850
2550,2551
2550,441
2550,44
2550,697
2550,614
2550,1869
2550,164
2550,200
2550,2552
2550,2553
2555,189
2555,31
2555,592
2555,1118
2555,199
2555,198
2555,1336
2555,129
2555,60
2555,128
2555,890
2555,697
2555,614
2555,851
2555,126
2555,258
2555,576
2555,1380
2555,561
2555,919
2555,594
2555,749
2555,742
2555,540
2555,707
2555,919
2555,23
2555,919
2555,1034
2555,440
2555,634
2555,733
2555,159
2555,160
2555,1800
2555,2289
2555,2556
2555,1054
2555,290
2555,700
2555,706
2555,2497
2555,648
2555,765
2555,99
2555,2557
2555,871
2555,733
2555,868
2555,209
2555,852
2555,851
2559,694
2559,1131
2561,1062
2561,2562
2561,415
2561,2442
2561,734
2561,276
2561,2563
2561,1255
2561,793
2561,73
2561,220
2561,1006
2561,292
2561,1005
2561,0
2561,274
2561,275
2561,69
2561,2564
2566,1842
2566,2567
2566,413
2566,2568
2566,1999
2566,595
2566,340
2566,363
2566,2440
2566,415
2566,2142
2566,2442
2566,2440
2566,415
2566,1063
2566,275
2566,219
2566,1469
2566,1470
2566,307
2566,252
2566,1168
2566,1169
2566,116
2566,1279
2566,300
2566,117
2566,115
2566,973
2566,363
2566,595
2566,555
2566,340
2566,159
2566,2171
2570,976
2570,159
2570,160
2570,152
2570,822
2570,1329
2570,66
2570,0
2570,184
2570,67
2570,1084
2570,2039
2570,850
2570,576
2572,607
2572,606
2572,1299
2572,1300
2572,1328
2572,898
2572,1475
2572,897
2572,40
2572,1995
2572,477
2572,591
2572,599
2572,478
2572,397
2572,485
2572,441
2572,55
2572,260
2572,11
2572,502
2572,248
2572,249
2572,22
2572,312
2572,491
2572,492
2572,490
2572,486
2572,172
2572,160
2572,451
2572,522
2572,781
2572,966
2572,2573
2572,618
2572,2323
2572,360
2572,327
2572,87
2575,2574
2575,2576
2578,76
2578,2579
2578,1856
2578,55
2578,637
2578,276
2578,219
2578,5
2578,337
2578,513
2578,260
2578,11
2578,249
2578,502
2581,393
2581,2582
2581,1026
2581,2120
2581,356
2581,525
2581,508
2581,230
2581,509
2581,222
2581,2429
2581,2583
2581,1270
2581,1853
2581,1854
2581,1637
2581,1016
2581,833
2581,398
2581,1131
2581,378
2581,552
2581,5
2581,326
2581,447
2581,533
2581,45
2581,379
2581,502
2581,249
2581,9
2581,782
2581,327
2581,360
2581,16
2581,44
2581,1993
2581,2584
2581,1649
2581,172
2581,1647
2581,487
2581,753
2581,17
2581,494
2581,337
2581,1632
2581,1119
2581,655
2581,141
2581,2585
2586,985
2586,1456
2586,984
2586,254
2586,1251
2586,2546
2586,76
2586,503
2586,486
2586,0
2586,324
2586,160
2586,159
2586,0
2586,1338
2586,259
2586,36
2586,258
2586,36
2586,37
2586,258
2586,37
2586,1359
2586,36
2586,762
2586,259
2586,1359
2586,258
2586,1338
2586,65
2586,503
2586,1643
2586,2587
2586,764
2586,765
2586,715
2586,1084
2586,1643
2586,2504
2586,2588
2586,727
2586,1614
2590,891
2590,851
2590,1125
2590,1174
2590,634
2592,146
2592,574
2592,396
2594,2324
2594,613
2594,1714
2594,432
2594,433
2594,1535
2594,591
2594,599
2594,477
2594,395
2594,377
2594,1128
2594,1127
2594,159
2594,454
2594,455
2594,0
2594,1251
2594,675
2594,83
2594,361
2594,1340
2594,1338
2594,0
2594,1561
2594,1717
2594,1158
2594,723
2594,506
2594,505
2594,2595
2594,1481
2594,15
2594,1480
2594,16
2594,985
2594,984
2594,2171
2594,62
2594,771
2594,430
2597,128
2597,2598
2597,555
2597,236
2597,0
2597,487
2597,554
2597,1220
2597,68
2597,67
2597,12
2597,850
2597,662
2597,23
2597,22
2599,143
2599,2303
2599,566
2599,147
2599,1706
2599,55
2599,522
2599,1159
2599,470
2599,1492
2599,2233
2599,360
2599,2600
2599,1398
2599,1728
2599,1676
2599,2099
2599,992
2599,1834
2599,158
2599,1424
2599,809
2599,2601
2599,1889
2599,1597
2599,204
2599,1722
2599,2295
2599,1003
2599,1676
2599,718
2599,949
2599,141
2599,19
2599,213
2599,1575
2599,2175
2599,360
2599,172
2599,1009
2599,1007
2599,176
2599,1008
2599,913
2599,33
2599,1490
2599,300
2599,326
2599,621
2599,997
2599,922
2603,193
2603,579
2603,7
2603,364
2603,260
2603,630
2603,49
2603,337
2603,739
2603,844
2603,417
2603,474
2605,1854
2605,2606
2605,837
2605,2606
2605,7
2605,1831
2605,273
2605,286
2605,9
2605,502
2605,11
2605,536
2605,1024
2605,687
2605,1026
2605,1248
2605,7
2605,460
2605,248
2605,249
2605,502
2605,9
2605,260
2605,337
2608,337
2608,1267
2608,1210
2608,209
2608,548
2608,1566
2608,217
2608,939
2608,471
2608,325
2608,938
2608,578
2608,1423
2608,2196
2608,36
2608,37
2608,33
2608,259
2608,453
2608,329
2608,186
2608,1172
2608,87
2608,327
2608,361
2608,88
2608,43
2608,89
2608,2609
2608,126
2608,1953
2608,634
2608,1366
2608,84
2608,85
2608,1076
2608,789
2608,788
2608,1996
2608,242
2608,227
2608,838
2608,837
2608,841
2608,840
2608,1296
2608,1295
2608,509
2608,508
2608,423
2608,1535
2608,11
2608,2301
2608,537
2608,125
2608,2610
2608,2237
2608,2443
2608,926
2608,522
2608,234
2608,2611
2608,54
2612,218
2612,1854
2612,1855
2612,2613
2612,2311
2612,414
2615,2102
2615,1089
2615,474
2615,481
2615,678
2615,416
2615,8
2615,1253
2615,359
2615,93
2615,92
2615,501
2615,358
2615,91
2615,500
2615,516
2615,1312
2615,796
2615,1996
2615,2616
2615,1664
2615,1183
2615,704
2615,159
2615,1320
2615,482
2618,1466
2618,374
2618,128
2618,129
2618,60
2618,2286
2618,1399
2618,1398
2618,913
2618,375
2618,446
2618,2390
2618,2504
2618,984
2618,985
2618,509
2618,230
2618,508
2618,406
2618,1717
2618,462
2618,447
2618,494
2618,459
2618,777
2619,1717
2619,457
2619,462
2619,494
2619,459
2619,913
2619,2620
2619,2621
2622,374
2624,781
2624,405
2624,98
2624,435
2624,1747
2624,497
2624,115
2624,326
2624,789
2624,324
2624,788
2624,1160
2624,113
2624,62
2624,67
2624,113
2624,37
2624,36
2624,508
2624,229
2624,1094
2624,441
2624,44
2626,177
2628,1156
2628,346
2628,451
2628,578
2628,1173
2628,685
2628,714
2628,484
2628,249
2628,248
2628,2150
2628,784
2628,1248
2628,1024
2628,354
2628,711
2628,1995
2628,1001
2628,462
2628,1157
2628,1717
2628,621
2628,290
2628,0
2628,211
2628,1033
2628,55
2628,1497
2628,1064
2628,2186
2628,1647
2628,622
2628,76
2628,575
2628,1796
2628,1177
2628,2058
2628,16
2628,1801
2628,364
2628,1147
2628,454
2628,1159
2628,757
2628,1389
2628,557
2628,323
2628,90
2628,1116
2628,1117
2628,160
2628,693
2628,690
2628,691
2628,689
2628,692
2628,688
2628,486
2628,732
2628,444
2628,445
2628,443
2628,442
2628,1797
2628,712
2628,2629
2628,1146
2628,1795
2628,1701
2628,1805
2628,501
2628,357
2628,359
2628,90
2628,1129
2628,1798
2628,756
2628,1799
2628,543
2628,42
2628,1412
2628,851
2628,850
2628,1889
2628,1174
2628,1453
2628,1735
2628,679
2628,276
2628,5
2628,1856
2628,1834
2628,78
2628,97
2628,176
2628,992
2628,1149
2628,832
2628,831
2628,1004
2628,181
2628,1275
2628,949
2628,158
2628,923
2628,925
2628,2091
2628,788
2628,566
2628,1461
2628,272
2628,462
2628,686
2628,494
2628,459
2628,458
2628,2595
2628,789
2631,0
2631,76
2632,1488
2632,269
2632,2595
2632,978
2632,614
2632,987
2632,955
2632,378
2632,177
2632,2633
2632,605
2632,1301
2632,901
2632,1424
2632,851
2632,462
2632,491
2632,2634
2632,600
2632,904
2632,55
2632,1471
2632,2196
2636,192
2636,484
2636,2637
2636,1717
2636,1561
2636,53
2636,1637
2636,274
2636,1389
2636,522
2636,375
2636,374
2636,753
2636,398
2636,833
2636,219
2636,270
2639,274
2639,1253
2639,355
2639,36
2639,26
2639,542
2639,276
2639,553
2639,1169
2639,1279
2639,441
2639,28
2639,161
2639,146
2639,1953
2639,1174
2639,662
2639,164
2639,1129
2641,311
2641,869
2641,427
2641,312
2641,1301
2641,1305
2641,55
2641,211
2641,1617
2641,700
2641,869
2641,160
2641,477
2641,1320
2641,972
2641,683
2641,1304
2641,1019
2641,536
2641,899
2641,2642
2641,170
2641,5
2641,274
2641,73
2641,618
2641,289
2641,12
2641,311
2641,285
2641,762
2641,972
2641,2142
2641,608
2641,755
2641,1340
2641,559
2641,460
2645,2643
2645,884
2645,213
2645,2202
2645,11
2645,231
2645,488
2645,484
2645,251
2645,553
2645,355
2645,364
2645,849
2645,1192
2645,554
2645,1054
2645,498
2645,1504
2645,392
2645,806
2645,2646
2645,457
2645,497
2645,1489
2645,1052
2645,543
2645,2647
2645,1716
2645,2489
2645,1609
2645,1922
2645,543
2645,6
2645,533
2645,513
2645,447
2645,458
2645,1610
2645,446
2645,556
2645,42
2645,215
2645,1074
2645,73
2645,280
2645,219
2645,275
2645,277
2645,276
2645,806
2645,5
2645,1609
2645,554
2645,73
2645,460
2649,1483
2649,1452
2649,2650
2649,1742
2649,1027
2649,2240
2652,277
2652,941
2652,2127
2652,533
2652,457
2652,446
2652,1610
2652,460
2652,461
2654,455
2654,634
2654,1016
2654,1030
2654,253
2654,93
2654,357
2654,501
2654,92
2654,1535
2654,2153
2654,350
2654,289
2654,170
2654,1074
2654,2142
2654,569
2654,513
2654,276
2654,533
2654,280
2654,73
2654,275
2654,274
2654,277
2654,6
2654,228
2654,5
2654,219
2654,608
2654,1233
2654,1230
2654,2655
2654,1299
2654,633
2654,2324
2654,613
2654,1714
2654,607
2654,606
2654,573
2654,427
2654,1125
2654,502
2654,9
2654,11
2654,248
2654,249
2654,260
2654,318
2654,971
2654,940
2654,2127
2654,942
2654,941
2654,312
2654,311
2654,1260
2654,62
2654,1054
2654,556
2654,498
2654,806
2654,1512
2654,1168
2654,1414
2654,117
2654,1169
2654,116
2654,158
2654,612
2654,474
2654,451
2654,1114
2654,322
2654,1084
2654,2039
2654,328
2654,87
2654,360
2654,326
2654,361
2654,172
2654,327
2654,169
2654,98
2654,176
2654,78
2654,707
2654,430
2654,771
2654,757
2654,1159
2654,756
2654,1263
2654,576
2654,637
2654,536
2654,55
2654,97
2654,1438
2654,616
2654,617
2654,2323
2654,536
2654,511
2654,512
2654,510
2654,1473
2654,369
2654,417
2654,510
2654,2656
2654,460
2654,454
2654,718
2654,84
2657,1883
2657,2323
2657,2658
2657,2659
2657,2660
2657,2661
2657,2662
2657,2663
2657,1438
2657,486
2657,725
2657,709
2657,2664
2657,170
2657,2665
2657,2666
2657,790
2657,2341
2657,2667
2657,1931
2657,1960
2657,1176
2657,1705
2657,460
2657,1126
2657,170
2657,1945
2657,1042
2657,887
2657,2664
2657,1371
2657,837
2657,226
2657,486
2657,594
2657,227
2657,1298
2669,124
2669,159
2669,768
2669,441
2669,160
2669,1176
2669,2094
2669,1054
2669,2670
2669,559
2669,1125
2669,1922
2669,1052
2669,991
2669,1028
2669,891
2669,1016
2669,543
2669,121
2669,304
2669,854
2669,303
2669,1371
2669,271
2669,210
2669,1593
2669,1596
2669,158
2669,2373
2669,2671
2669,33
2669,12
2669,516
2669,577
2669,592
2669,2672
2669,856
2669,381
2669,2673
2669,2674
2669,1917
2669,984
2669,985
2669,848
2669,156
2669,1312
2669,680
2669,2248
2669,850
2669,130
2669,1158
2669,1905
2669,851
2669,2675
2669,723
2669,87
2669,1148
2669,1149
2669,918
2669,360
2669,144
2669,361
2669,83
2669,435
2669,362
2669,143
2677,633
2677,1301
2677,606
2677,971
2677,5
2677,73
2677,274
2677,618
2677,76
2677,0
2677,2324
2677,1714
2677,478
2677,397
2677,591
2677,477
2677,1322
2677,1047
2677,1847
2677,1908
2677,1648
2677,2678
2677,2606
2677,1480
2677,15
2677,16
2677,569
2677,479
2677,882
2677,762
2677,1253
2677,55
2677,211
2680,634
2680,492
2680,899
2681,1312
2681,1312
2681,2682
2681,2585
2681,2683
2681,386
2681,384
2681,2684
2681,2685
2681,1020
2681,89
2681,1007
2681,9
2681,2686
2681,217
2681,939
2681,837
2681,757
2681,221
2681,2687
2681,501
2681,2687
2681,2688
2681,487
2681,1979
2681,2687
2681,495
2681,509
2681,503
2681,1092
2681,2585
2681,11
2681,1474
2681,249
2681,964
2681,248
2681,260
2681,11
2681,9
2690,664
2690,427
2690,120
2690,211
2690,55
2690,211
2690,1308
2690,1675
2690,36
2690,33
2690,249
2690,248
2690,11
2690,249
2690,260
2690,249
2690,1359
2690,36
2690,33
2690,258
2690,37
2690,533
2690,200
2690,202
2690,201
2690,1714
2690,166
2690,220
2690,219
2690,533
2690,228
2690,277
2690,219
2690,276
2690,763
2690,797
2690,765
2690,764
2690,67
2690,430
2690,15
2690,1480
2690,16
2690,1481
2691,1032
2691,1512
2691,304
2691,2692
2691,312
2691,311
2691,2262
2691,559
2691,2196
2691,1020
2691,1328
2691,1673
2691,536
2691,159
2691,978
2693,384
2695,1252
2695,554
2695,802
2695,252
2695,1167
2695,1168
2695,1727
2695,1169
2695,2174
2695,275
2695,416
2695,2674
2695,115
2695,1923
2695,198
2695,288
2695,686
2695,1899
2695,2004
2695,2189
2695,2696
2695,284
2695,474
2695,1836
2695,355
2695,558
2695,1059
2695,1060
2695,1279
2695,55
2695,427
2695,508
2695,230
2695,712
2695,2629
2695,440
2695,439
2695,160
2695,159
2695,1333
2695,1239
2695,1067
2695,55
2695,211
2695,0
2695,213
2695,2697
2695,555
2695,842
2695,481
2695,706
2695,321
2695,696
2695,45
2695,978
2695,340
2695,555
2695,363
2695,595
2695,1004
2695,214
2695,180
2695,313
2695,1115
2695,1117
2695,260
2695,9
2695,249
2695,248
2695,662
2695,1254
2695,2698
2695,2189
2695,1503
2695,1856
2695,2535
2695,2699
2695,230
2695,1658
2695,2189
2695,230
2695,508
2695,229
2695,448
2695,1412
2695,284
2695,842
2695,2700
2695,594
2695,839
2695,1998
2695,2335
2695,1196
2695,2701
2695,2702
2695,55
2695,1042
2695,1114
2695,1192
2695,258
2695,2142
2695,176
2695,435
2695,707
2695,97
2704,559
2704,1309
2704,949
2704,404
2704,1039
2704,697
2704,1197
2704,923
2704,26
2704,405
2704,781
2704,690
2704,9
2704,689
2704,193
2704,693
2704,692
2704,529
2704,141
2704,1015
2704,1984
2704,1029
2704,448
2704,454
2704,1631
2704,1016
2704,236
2704,260
2704,249
2704,834
2704,1631
2704,595
2704,28
2704,30
2704,2523
2704,2457
2704,697
2704,2705
2704,825
2704,1325
2704,505
2704,2523
2704,923
2704,1030
2704,739
2707,337
2707,527
2707,249
2707,260
2707,502
2707,189
2707,5
2707,276
2707,36
2707,6
2707,851
2707,89
2707,88
2707,364
2707,765
2707,68
2707,4
2707,67
2707,61
2707,470
2707,68
2707,764
2707,67
2707,201
2707,200
2707,36
2707,37
2707,36
2707,36
2707,33
2707,259
2707,9
2707,248
2707,65
2707,176
2707,81
2707,329
2707,16
2707,1481
2707,1480
2707,15
2707,49
2707,218
2707,214
2707,646
2707,1748
2707,391
2707,538
2707,125
2707,130
2707,177
2707,454
2707,1481
2707,1480
2707,16
2707,939
2707,15
2707,484
2707,620
2707,2584
2707,211
2707,632
2707,55
2707,81
2708,2683
2708,1701
2708,474
2708,2686
2708,217
2708,2709
2708,1381
2708,373
2708,557
2708,276
2708,236
2708,284
2708,2685
2708,2585
2708,376
2708,2686
2708,440
2708,217
2708,2585
2708,711
2708,842
2708,1898
2708,249
2708,656
2708,9
2708,230
2708,706
2708,1998
2708,593
2708,1322
2708,2710
2708,707
2708,114
2712,1638
2712,762
2712,2713
2712,2533
2712,329
2712,305
2712,303
2712,1512
2712,1414
2712,300
2712,162
2712,1314
2712,1241
2712,1674
2712,4
2712,2714
2712,1431
2712,1674
2712,1241
2715,2700
2717,44
2717,45
2717,49
2717,463
2717,502
2717,249
2717,260
2717,248
2717,11
2717,9
2718,275
2718,277
2718,276
2718,73
2718,1325
2718,248
2718,249
2718,11
2718,2719
2718,1679
2718,533
2718,1074
2718,1175
2718,1311
2718,486
2718,2720
2718,1490
2718,850
2718,529
2718,2721
2718,1856
2718,152
2718,1297
2718,200
2718,2350
2718,1366
2718,84
2718,69
2723,1018
2723,340
2723,363
2723,418
2723,756
2723,728
2723,943
2723,22
2723,608
2723,4
2723,2142
2723,7
2723,486
2723,55
2723,249
2723,248
2723,9
2723,160
2723,632
2723,230
2723,229
2723,16
2723,15
2723,847
2723,1440
2723,794
2725,478
2725,508
2725,229
2725,45
2725,313
2725,181
2725,48
2725,86
2725,216
2725,375
2725,1669
2725,655
2725,394
2725,640
2725,2726
2725,1461
2725,2083
2725,882
2725,913
2725,900
2725,891
2727,136
2729,222
2729,230
2729,374
2729,2730
2729,228
2729,211
2729,803
2729,625
2729,556
2729,498
2729,90
2729,358
2729,625
2729,1125
2729,229
2729,829
2729,222
2729,508
2729,1028
2729,749
2729,22
2731,277
2731,533
2731,12
2731,257
2731,258
2731,36
2731,259
2731,37
2731,135
2731,742
2731,749
2731,260
2731,248
2734,2732
2734,2735
2734,1856
2734,1590
2734,748
2734,747
2734,1471
2734,1166
2734,798
2734,1304
2734,2736
2734,1449
2734,2158
2734,1019
2734,961
2734,2726
2734,807
2734,78
2734,641
2734,377
2734,536
2734,726
2734,1016
2734,1649
2734,2584
2734,1338
2734,283
2734,1448
2734,1333
2734,2203
2734,2737
2734,684
2734,2738
2734,614
2734,747
2734,748
2734,851
2734,2119
2734,2739
2734,239
2734,536
2734,9
2734,249
2734,260
2734,2740
2734,1411
2734,2741
2734,843
2734,2742
2734,850
2734,515
2734,528
2734,78
2734,207
2734,208
2734,189
2734,99
2744,1488
2744,2004
2744,1488
2744,1443
2744,160
2744,134
2744,4
2744,675
2744,486
2744,30
2744,28
2744,29
2744,1034
2744,2195
2744,1034
2744,275
2744,1300
2744,1299
2744,45
2744,1328
2744,432
2744,1305
2744,633
2744,899
2744,606
2744,479
2744,248
2744,277
2744,275
2744,2745
2744,158
2744,2195
2744,4
2744,1031
2744,254
2744,163
2744,2746
2748,234
2749,398
2749,133
2749,1125
2749,82
2749,2459
2749,1611
2749,1836
2749,735
2749,2750
2749,240
2749,425
2749,108
2749,1674
2749,118
2749,496
2749,730
2749,496
2749,355
2749,113
2749,2195
2749,1443
2749,120
2749,1069
2749,1513
2749,1167
2749,55
2749,199
2749,1276
2749,918
2749,69
2749,177
2749,1050
2749,150
2752,275
2752,211
2752,2753
2752,502
2752,1422
2752,787
2752,2221
2752,881
2752,145
2752,1180
2752,2754
2752,680
2752,1302
2752,363
2752,1055
2752,1125
2752,895
2752,22
2752,1086
2752,357
2752,2374
2752,899
2752,1363
2752,418
2752,1019
2752,418
2752,1302
2752,12
2752,973
2752,418
2752,2755
2752,2756
2752,492
2752,1086
2752,522
2752,310
2752,431
2752,1577
2752,1504
2752,1052
2752,1504
2752,2757
2752,2373
2752,1638
2752,2606
2752,1126
2752,310
2752,2533
2752,1923
2752,1503
2752,186
2752,4
2752,1254
2752,461
2752,1254
2752,406
2752,1717
2752,461
2752,484
2752,1176
2752,271
2752,263
2752,1002
2752,1768
2752,1445
2752,2302
2752,1513
2752,2302
2752,252
2752,116
2752,1279
2752,2758
2752,1596
2752,869
2752,1435
2752,66
2752,65
2752,427
2752,1125
2752,664
2752,22
2752,629
2752,162
2752,2170
2752,164
2752,1002
2761,2759
2761,855
2761,99
2761,207
2761,208
2761,718
2761,2762
2761,2173
2761,1834
2761,1618
2761,848
2761,2261
2761,2763
2761,54
2761,765
2761,1485
2761,1033
2764,384
2764,54
2766,311
2766,312
2766,933
2766,1030
2766,1029
2766,1852
2766,358
2766,248
2766,536
2766,2142
2766,973
2766,309
2766,93
2766,347
2766,1852
2766,460
2766,1254
2766,93
2766,495
2766,1220
2766,1312
2766,418
2766,973
2766,1437
2766,213
2766,460
2766,1206
2766,9
2766,248
2766,229
2766,90
2766,1372
2766,2124
2766,2414
2766,2105
2766,2414
2766,221
2766,1338
2768,805
2768,451
2768,170
2768,965
2768,522
2768,2439
2768,2769
2768,2770
2768,1610
2768,446
2768,522
2768,1831
2768,286
2768,235
2768,2261
2768,1092
2768,642
2768,564
2768,249
2768,11
2768,1005
2768,220
2768,275
2768,276
2768,280
2768,527
2768,254
2768,6
2768,2771
2772,883
2772,249
2772,26
2772,99
2772,207
2772,208
2772,356
2772,405
2772,772
2772,404
2772,1039
2772,502
2772,406
2772,378
2772,447
2772,1490
2772,337
2772,209
2772,1029
2772,1030
2772,374
2772,375
2772,611
2772,212
2772,1306
2772,2448
2772,633
2772,1301
2772,1300
2772,897
2772,1767
2772,44
2772,43
2772,1148
2772,222
2772,659
2772,471
2772,489
2772,2666
2772,451
2772,289
2772,349
2772,1866
2772,350
2772,454
2772,455
2772,1475
2772,898
2772,492
2772,490
2772,491
2772,605
2772,899
2772,606
2772,1328
2772,1149
2772,634
2772,439
2772,46
2772,966
2772,2573
2772,1447
2772,260
2772,329
2772,192
2772,769
2772,1211
2772,364
2772,54
2772,1996
2774,909
2774,1266
2774,384
2774,908
2774,485
2774,448
2774,685
2774,418
2774,2775
2774,879
2774,435
2774,2776
2774,1447
2774,484
2774,1158
2774,504
2774,1474
2774,505
2774,506
2774,1150
2774,484
2774,494
2774,458
2774,2595
2774,484
2774,1561
2774,1157
2774,723
2774,461
2774,458
2774,1610
2774,446
2774,459
2774,494
2774,459
2774,17
2774,1618
2774,1856
2774,426
2774,170
2774,289
2774,426
2774,429
2774,451
2774,231
2774,488
2774,484
2774,249
2774,248
2774,460
2777,1050
2777,2778
2780,340
2780,555
2780,595
2780,363
2780,971
2780,972
2780,607
2780,898
2780,1475
2780,606
2780,633
2780,1305
2780,897
2780,432
2780,1309
2780,942
2780,941
2780,2127
2780,940
2780,1306
2780,1282
2780,2781
2780,1310
2780,12
2780,1150
2780,1016
2780,643
2780,2782
2780,657
2780,1839
2780,2783
2780,821
2785,2232
2785,2786
2785,970
2785,1726
2785,2730
2785,42
2785,711
2785,1188
2785,160
2785,159
2785,12
2787,219
2787,275
2787,73
2787,11
2788,1695
2788,1485
2788,385
2788,15
2788,1481
2788,1480
2788,16
2788,923
2788,31
2788,871
2788,471
2788,631
2788,825
2788,41
2788,963
2788,894
2788,1278
2788,788
2788,26
2788,460
2788,1996
2788,148
2788,164
2790,1874
2790,1872
2790,1874
2790,1381
2790,1998
2790,2791
2790,522
2790,187
2790,523
2790,732
2790,1312
2790,1695
2790,612
2790,321
2790,329
2790,308
2790,854
2790,1168
2790,2792
2790,2793
2790,2794
2790,1438
2790,2795
2790,2796
2790,2797
2790,12
2790,1981
2790,559
2790,2791
2790,1381
2790,260
2790,9
2790,1531
2790,2667
2790,1481
2790,15
2790,16
2790,460
2790,1480
2790,2187
2790,967
2790,2798
2790,852
2790,851
2790,25
2790,2799
2790,1015
2790,639
2790,753
2790,165
2790,732
2790,322
2790,630
2790,2656
2790,417
2790,308
2790,593
2790,37
2790,1359
2790,308
2790,460
2790,2567
2790,1872
2790,1874
2790,2800
2790,2801
2802,191
2802,678
2802,2803
2802,887
2802,471
2802,703
2802,231
2802,484
2802,1822
2802,1220
2802,927
2802,723
2802,406
2802,461
2802,650
2802,606
2802,723
2802,617
2802,1133
2802,1224
2802,303
2802,1514
2802,1193
2802,845
2802,228
2802,1382
2802,364
2802,66
2802,325
2802,1889
2802,2289
2802,1380
2802,1656
2802,2199
2802,2120
2802,309
2802,2804
2802,1057
2802,780
2802,2805
2802,1609
2802,1158
2807,0
2807,68
2807,67
2807,1370
2807,12
2807,9
2807,415
2807,2442
2807,499
2807,361
2807,327
2807,2808
2807,2809
2807,616
2807,9
2807,1052
2811,851
2811,160
2811,486
2811,159
2811,850
2811,852
2811,1720
2811,1792
2811,2092
2811,1953
2811,87
2811,360
2811,117
2811,2372
2811,158
2811,1052
2813,771
2813,1148
2813,509
2813,838
2813,26
2813,99
2813,207
2813,208
2813,225
2813,39
2813,229
2813,213
2813,2814
2813,2815
2813,990
2813,488
2813,764
2813,765
2813,277
2813,533
2813,1238
2813,1720
2813,1805
2813,445
2813,1403
2813,78
2813,176
2813,1177
2813,1796
2813,54
2816,314
2816,315
2816,2817
2816,1434
2816,316
2816,537
2819,315
2819,1146
2819,86
2819,215
2819,1133
2819,756
2819,721
2819,722
2819,1159
2819,968
2819,1505
2819,578
2819,309
2821,1854
2821,1853
2821,12
2821,2822
2821,1084
2821,152
2821,1370
2824,203
2824,529
2824,1006
2824,1371
2824,1562
2824,152
2824,292
2824,1503
2824,122
2824,213
2824,204
2824,955
2824,215
2824,764
2824,76
2824,1142
2824,1444
2824,214
2825,1820
2825,1033
2825,574
2825,146
2827,1078
2827,245
2827,389
2827,656
2827,1372
2827,2828
2827,1077
2827,1734
2827,215
2827,1516
2827,392
2827,1126
2827,17
2827,494
2827,459
2827,447
2830,1175
2830,624
2830,189
2830,1029
2830,1030
2830,1443
2830,1899
2830,1898
2830,2004
2830,1723
2830,6
2830,276
2830,219
2830,73
2830,277
2830,274
2830,5
2830,502
2830,248
2830,211
2830,55
2830,356
2830,11
2830,9
2830,190
2830,969
2830,970
2830,477
2830,591
2830,378
2830,204
2830,203
2830,552
2830,455
2830,844
2830,1038
2830,392
2830,447
2830,1485
2830,863
2830,634
2830,227
2830,2092
2830,1953
2830,2092
2830,1953
2830,2831
2830,1741
2830,730
2830,1582
2830,851
2830,850
2830,566
2830,471
2830,325
2830,1597
2830,1533
2830,523
2830,234
2830,249
2830,501
2830,93
2830,358
2830,359
2830,92
2830,90
2830,41
2830,487
2830,753
2832,1831
2834,499
2834,311
2834,9
2834,459
2834,494
2834,17
2834,723
2836,1188
2836,839
2836,361
2836,2297
2836,314
2836,55
2836,211
2836,2004
2836,2754
2836,300
2836,732
2836,848
2836,362
2836,1254
2836,650
2836,1089
2836,995
2836,414
2836,634
2836,203
2836,327
2836,995
2836,646
2836,391
2836,648
2836,1748
2838,274
2838,219
2838,1083
2838,926
2838,275
2838,73
2838,159
2838,454
2838,455
2840,542
2840,651
2840,378
2840,651
2840,1508
2840,1851
2840,248
2840,55
2840,2841
2840,555
2840,1049
2840,1049
2840,945
2840,1475
2840,248
2840,1508
2840,2533
2840,1171
2840,733
2840,2702
2840,2841
2840,2842
2840,641
2840,228
2840,527
2840,533
2840,651
2840,55
2840,454
2840,4
2840,1638
2840,950
2840,1067
2840,579
2840,2843
2840,2842
2840,2844
2840,733
2840,651
2840,1508
2840,11
2840,641
2840,277
2840,280
2840,228
2840,527
2840,219
2840,6
2840,570
2840,2702
2840,641
2840,6
2840,570
2840,1682
2840,2692
2840,11
2840,260
2840,651
2840,2845
2840,2846
2840,384
2840,385
2840,25
2840,2847
2840,296
2840,113
2840,2020
2840,2848
2840,2714
2840,254
2840,1772
2840,2673
2840,184
2840,2849
2840,409
2840,235
2840,879
2840,1465
2840,285
2840,2775
2840,2850
2840,236
2840,295
2840,2170
2840,21
2840,20
2840,184
2840,537
