_internalOrderID,InvoiceNo,InvoiceDate
2,536365,12/1/2010 8:26
10,536366,12/1/2010 8:28
14,536367,12/1/2010 8:34
27,536368,12/1/2010 8:34
32,536369,12/1/2010 8:35
35,536370,12/1/2010 8:45
57,536371,12/1/2010 9:00
58,536372,12/1/2010 9:01
59,536373,12/1/2010 9:02
71,536374,12/1/2010 9:09
72,536375,12/1/2010 9:32
75,536376,12/1/2010 9:32
77,536377,12/1/2010 9:34
80,536378,12/1/2010 9:37
101,536380,12/1/2010 9:41
104,536381,12/1/2010 9:41
138,C536379,12/1/2010 9:41
140,536382,12/1/2010 9:45
151,C536383,12/1/2010 9:49
154,536384,12/1/2010 9:53
168,536385,12/1/2010 9:56
175,536386,12/1/2010 9:57
178,536387,12/1/2010 9:58
183,536388,12/1/2010 9:59
195,536389,12/1/2010 10:03
206,536390,12/1/2010 10:19
224,C536391,12/1/2010 10:24
233,536392,12/1/2010 10:29
244,536393,12/1/2010 10:37
247,536394,12/1/2010 10:39
256,536395,12/1/2010 10:47
261,536396,12/1/2010 10:51
265,536397,12/1/2010 10:51
267,536398,12/1/2010 10:52
278,536399,12/1/2010 10:52
279,536400,12/1/2010 10:53
282,536401,12/1/2010 11:21
336,536402,12/1/2010 11:22
339,536403,12/1/2010 11:27
342,536404,12/1/2010 11:29
366,536405,12/1/2010 11:32
367,536406,12/1/2010 11:33
368,536407,12/1/2010 11:34
371,536408,12/1/2010 11:41
402,536409,12/1/2010 11:45
438,536412,12/1/2010 11:49
473,536414,12/1/2010 11:52
476,536415,12/1/2010 11:57
518,536416,12/1/2010 11:58
521,536420,12/1/2010 12:03
532,536423,12/1/2010 12:08
535,536425,12/1/2010 12:08
545,536437,12/1/2010 12:12
551,536446,12/1/2010 12:15
572,536460,12/1/2010 12:22
580,536463,12/1/2010 12:22
583,536464,12/1/2010 12:23
626,536466,12/1/2010 12:23
628,536477,12/1/2010 12:27
636,536488,12/1/2010 12:31
653,536500,12/1/2010 12:35
661,536502,12/1/2010 12:36
666,536508,12/1/2010 12:38
667,C536506,12/1/2010 12:38
669,536514,12/1/2010 12:40
673,536520,12/1/2010 12:43
717,536521,12/1/2010 12:48
720,536522,12/1/2010 12:49
741,536523,12/1/2010 12:50
746,536524,12/1/2010 12:51
752,536525,12/1/2010 12:54
761,536526,12/1/2010 12:58
767,536527,12/1/2010 13:04
776,536528,12/1/2010 13:17
792,536529,12/1/2010 13:20
801,536530,12/1/2010 13:21
816,536531,12/1/2010 13:23
827,536532,12/1/2010 13:24
858,536533,12/1/2010 13:31
865,536534,12/1/2010 13:33
867,536535,12/1/2010 13:38
873,536536,12/1/2010 13:45
877,536537,12/1/2010 13:51
886,536538,12/1/2010 13:54
903,536539,12/1/2010 14:03
915,536540,12/1/2010 14:05
929,536541,12/1/2010 14:05
931,536542,12/1/2010 14:11
935,C536543,12/1/2010 14:30
937,536544,12/1/2010 14:32
1203,536545,12/1/2010 14:32
1205,536546,12/1/2010 14:33
1207,536547,12/1/2010 14:33
1209,C536548,12/1/2010 14:33
1214,536549,12/1/2010 14:34
1216,536550,12/1/2010 14:34
1218,536551,12/1/2010 14:34
1223,536552,12/1/2010 14:34
1225,536553,12/1/2010 14:35
1227,536554,12/1/2010 14:35
1229,536555,12/1/2010 14:37
1232,536556,12/1/2010 14:38
1235,536557,12/1/2010 14:41
1256,536558,12/1/2010 14:48
1259,536559,12/1/2010 14:54
1265,536560,12/1/2010 15:00
1272,536561,12/1/2010 15:06
1274,536562,12/1/2010 15:08
1281,536563,12/1/2010 15:08
1283,536564,12/1/2010 15:08
1284,536565,12/1/2010 15:15
1287,536566,12/1/2010 15:21
1289,536567,12/1/2010 15:27
1290,536568,12/1/2010 15:28
1292,536569,12/1/2010 15:35
1316,536570,12/1/2010 15:35
1319,536571,12/1/2010 15:37
1327,536572,12/1/2010 15:40
1331,536573,12/1/2010 15:45
1332,536574,12/1/2010 15:46
1335,536575,12/1/2010 16:01
1337,536576,12/1/2010 16:11
1341,536577,12/1/2010 16:13
1343,536578,12/1/2010 16:15
1344,536579,12/1/2010 16:16
1345,536580,12/1/2010 16:17
1347,536581,12/1/2010 16:19
1349,536582,12/1/2010 16:21
1353,536583,12/1/2010 16:21
1354,536584,12/1/2010 16:22
1356,536585,12/1/2010 16:24
1358,536586,12/1/2010 16:25
1362,536587,12/1/2010 16:33
1365,536588,12/1/2010 16:49
1367,536589,12/1/2010 16:50
1369,536590,12/1/2010 16:52
1374,536591,12/1/2010 16:57
1390,536592,12/1/2010 17:06
1568,536593,12/1/2010 17:15
1571,536594,12/1/2010 17:22
1574,536595,12/1/2010 17:24
1578,536596,12/1/2010 17:29
1581,536597,12/1/2010 17:35
1595,536598,12/2/2010 7:48
1599,536599,12/2/2010 7:49
1600,536600,12/2/2010 8:32
1601,536601,12/2/2010 8:33
1602,536602,12/2/2010 8:34
1603,536603,12/2/2010 8:40
1605,536604,12/2/2010 8:43
1608,536605,12/2/2010 8:52
1613,C536606,12/2/2010 9:10
1616,536607,12/2/2010 9:29
1620,536608,12/2/2010 9:37
1621,536609,12/2/2010 9:41
1622,536610,12/2/2010 9:42
1624,536611,12/2/2010 9:43
1627,536612,12/2/2010 9:44
1629,536613,12/2/2010 9:44
1634,536614,12/2/2010 9:44
1636,536615,12/2/2010 10:09
1640,536616,12/2/2010 10:10
1642,536617,12/2/2010 10:17
1646,536618,12/2/2010 10:17
1650,536619,12/2/2010 10:18
1652,536620,12/2/2010 10:27
1660,536621,12/2/2010 10:35
1663,C536622,12/2/2010 10:37
1666,536623,12/2/2010 10:39
1681,536624,12/2/2010 10:45
1683,536626,12/2/2010 10:46
1685,C536625,12/2/2010 10:46
1687,536627,12/2/2010 10:53
1689,536628,12/2/2010 10:54
1690,536629,12/2/2010 10:55
1691,536630,12/2/2010 10:56
1692,536631,12/2/2010 10:58
1694,536632,12/2/2010 11:02
1697,536633,12/2/2010 11:20
1700,536634,12/2/2010 11:21
1704,536635,12/2/2010 11:22
1708,536636,12/2/2010 11:23
1709,536637,12/2/2010 11:35
1719,536638,12/2/2010 11:41
1738,536639,12/2/2010 11:45
1740,536640,12/2/2010 11:45
1743,536641,12/2/2010 11:46
1745,C536642,12/2/2010 11:56
1746,536643,12/2/2010 11:57
1750,536663,12/2/2010 12:07
1752,536667,12/2/2010 12:09
1754,536670,12/2/2010 12:09
1757,536671,12/2/2010 12:10
1759,536672,12/2/2010 12:10
1761,536673,12/2/2010 12:11
1764,536674,12/2/2010 12:16
1774,536676,12/2/2010 12:18
1778,536681,12/2/2010 12:22
1779,536685,12/2/2010 12:23
1780,536688,12/2/2010 12:24
1781,536690,12/2/2010 12:25
1782,536693,12/2/2010 12:26
1784,536698,12/2/2010 12:28
1789,536707,12/2/2010 12:33
1794,536732,12/2/2010 12:47
1804,536733,12/2/2010 12:50
1807,C536734,12/2/2010 12:50
1809,536735,12/2/2010 12:58
1810,536736,12/2/2010 12:59
1811,C536737,12/2/2010 13:05
1814,536738,12/2/2010 13:06
1817,536739,12/2/2010 13:08
1821,536740,12/2/2010 13:08
1824,536741,12/2/2010 13:11
1830,536742,12/2/2010 13:14
1841,536743,12/2/2010 13:32
1858,536744,12/2/2010 13:36
1860,536745,12/2/2010 13:38
1862,536746,12/2/2010 13:39
1865,536747,12/2/2010 13:44
1868,536748,12/2/2010 13:45
1871,536749,12/2/2010 13:49
1892,536750,12/2/2010 14:04
1893,536751,12/2/2010 14:05
1894,536752,12/2/2010 14:06
1895,536753,12/2/2010 14:07
1897,536754,12/2/2010 14:09
1906,536755,12/2/2010 14:14
1907,536756,12/2/2010 14:23
1910,C536757,12/2/2010 14:23
1911,C536758,12/2/2010 14:25
1913,536759,12/2/2010 14:26
1919,C536760,12/2/2010 14:29
1921,536761,12/2/2010 14:30
1925,536762,12/2/2010 14:40
1929,536763,12/2/2010 14:42
1932,536764,12/2/2010 14:42
1933,536765,12/2/2010 14:43
1935,536769,12/2/2010 14:47
1939,536771,12/2/2010 14:49
1941,536777,12/2/2010 15:00
1944,536778,12/2/2010 15:03
1948,536779,12/2/2010 15:08
1949,536780,12/2/2010 15:09
1950,536781,12/2/2010 15:14
1952,536782,12/2/2010 15:18
1956,536783,12/2/2010 15:19
1962,536784,12/2/2010 15:20
1963,536785,12/2/2010 15:22
1964,536786,12/2/2010 15:23
1965,536787,12/2/2010 15:24
1966,536788,12/2/2010 15:25
1967,536789,12/2/2010 15:25
1968,536790,12/2/2010 15:26
1969,536791,12/2/2010 15:27
1970,536792,12/2/2010 15:28
1972,536793,12/2/2010 15:39
1974,536794,12/2/2010 15:40
1976,536795,12/2/2010 15:40
1978,536796,12/2/2010 15:46
2001,536797,12/2/2010 15:49
2003,536798,12/2/2010 15:55
2006,536799,12/2/2010 16:00
2008,536800,12/2/2010 16:12
2010,536801,12/2/2010 16:12
2012,536802,12/2/2010 16:29
2013,536803,12/2/2010 16:33
2015,536804,12/2/2010 16:34
2018,536805,12/2/2010 16:38
2022,536806,12/2/2010 16:42
2024,C536807,12/2/2010 16:45
2026,536808,12/2/2010 16:46
2028,536809,12/2/2010 16:48
2029,536810,12/2/2010 16:50
2031,536811,12/2/2010 16:51
2032,C536812,12/2/2010 16:58
2034,536813,12/2/2010 16:59
2038,C536814,12/2/2010 17:03
2041,C536815,12/2/2010 17:05
2043,C536816,12/2/2010 17:06
2045,C536817,12/2/2010 17:08
2047,C536818,12/2/2010 17:09
2049,536819,12/2/2010 17:12
2053,C536820,12/2/2010 17:14
2057,536821,12/2/2010 17:17
2060,C536822,12/2/2010 17:19
2062,536823,12/2/2010 17:22
2064,536824,12/2/2010 17:24
2066,C536825,12/2/2010 17:27
2067,C536826,12/2/2010 17:30
2068,C536827,12/2/2010 17:31
2070,C536828,12/2/2010 17:35
2072,C536829,12/2/2010 17:36
2074,536830,12/2/2010 17:38
2075,536831,12/2/2010 17:40
2078,536832,12/2/2010 17:41
2082,536833,12/2/2010 17:48
2085,536834,12/2/2010 17:51
2088,536835,12/2/2010 18:06
2089,536836,12/2/2010 18:08
2097,536837,12/2/2010 18:15
2101,536838,12/2/2010 18:23
2104,536839,12/2/2010 18:25
2107,536840,12/2/2010 18:27
2109,536841,12/2/2010 18:27
2111,536842,12/2/2010 18:45
2112,536843,12/2/2010 18:46
2114,536844,12/2/2010 18:49
2116,536845,12/2/2010 19:18
2122,536846,12/2/2010 19:59
2126,536847,12/3/2010 9:31
2128,536848,12/3/2010 9:39
2130,536849,12/3/2010 9:45
2132,C536850,12/3/2010 9:47
2136,536851,12/3/2010 9:49
2139,536852,12/3/2010 9:51
2141,C536853,12/3/2010 10:07
2144,C536854,12/3/2010 10:09
2146,C536855,12/3/2010 10:11
2148,536856,12/3/2010 10:26
2152,536857,12/3/2010 10:33
2155,536858,12/3/2010 10:36
2157,536859,12/3/2010 10:43
2160,536860,12/3/2010 10:43
2163,536861,12/3/2010 10:44
2165,536862,12/3/2010 11:13
2184,536863,12/3/2010 11:19
2190,536864,12/3/2010 11:27
2197,536865,12/3/2010 11:28
2217,536866,12/3/2010 11:28
2219,536874,12/3/2010 11:35
2226,536876,12/3/2010 11:36
2305,536883,12/3/2010 11:41
2307,536884,12/3/2010 11:42
2308,536885,12/3/2010 11:42
2309,536890,12/3/2010 11:48
2312,536920,12/3/2010 12:01
2318,536938,12/3/2010 12:05
2319,536941,12/3/2010 12:08
2320,536942,12/3/2010 12:08
2322,536943,12/3/2010 12:11
2326,536944,12/3/2010 12:20
2329,536945,12/3/2010 12:24
2348,536946,12/3/2010 12:28
2349,536947,12/3/2010 12:29
2351,536954,12/3/2010 12:41
2353,536956,12/3/2010 12:43
2355,536957,12/3/2010 12:43
2357,536960,12/3/2010 12:48
2359,536967,12/3/2010 12:57
2361,536968,12/3/2010 13:09
2362,536969,12/3/2010 13:10
2364,536970,12/3/2010 13:12
2366,536971,12/3/2010 13:40
2368,536972,12/3/2010 13:42
2371,536973,12/3/2010 13:43
2376,536974,12/3/2010 13:59
2377,536975,12/3/2010 14:04
2380,536976,12/3/2010 14:18
2382,536977,12/3/2010 14:18
2384,C536978,12/3/2010 14:19
2385,C536979,12/3/2010 14:23
2387,536980,12/3/2010 14:26
2391,536981,12/3/2010 14:26
2392,536982,12/3/2010 14:27
2409,536983,12/3/2010 14:30
2411,536984,12/3/2010 14:35
2416,536985,12/3/2010 14:40
2418,536986,12/3/2010 14:40
2421,536987,12/3/2010 14:54
2438,536988,12/3/2010 15:05
2441,536989,12/3/2010 15:10
2445,536990,12/3/2010 15:14
2446,536991,12/3/2010 15:16
2450,536992,12/3/2010 15:16
2452,536993,12/3/2010 15:19
2461,536994,12/3/2010 15:25
2463,536995,12/3/2010 15:29
2464,536996,12/3/2010 15:30
2465,536997,12/3/2010 15:30
2466,536998,12/3/2010 15:30
2467,536999,12/3/2010 15:32
2469,537000,12/3/2010 15:32
2471,537001,12/3/2010 15:33
2472,537002,12/3/2010 15:33
2474,537003,12/3/2010 15:33
2475,537004,12/3/2010 15:34
2477,537005,12/3/2010 15:35
2478,537006,12/3/2010 15:36
2479,537007,12/3/2010 15:36
2480,537008,12/3/2010 15:37
2481,537009,12/3/2010 15:38
2482,537010,12/3/2010 15:38
2483,537011,12/3/2010 15:38
2485,537012,12/3/2010 15:39
2486,537013,12/3/2010 15:40
2487,537014,12/3/2010 15:40
2488,537015,12/3/2010 15:41
2490,537016,12/3/2010 15:41
2492,537017,12/3/2010 15:41
2493,537018,12/3/2010 15:42
2495,537019,12/3/2010 15:43
2496,537020,12/3/2010 15:43
2498,537021,12/3/2010 15:43
2500,537022,12/3/2010 15:45
2511,537023,12/3/2010 16:02
2512,537025,12/3/2010 16:21
2519,C537024,12/3/2010 16:21
2521,537026,12/3/2010 16:35
2522,537027,12/3/2010 16:36
2524,537028,12/3/2010 16:36
2525,537029,12/3/2010 16:37
2527,537030,12/3/2010 16:44
2528,537031,12/3/2010 16:45
2530,537032,12/3/2010 16:50
2532,537034,12/3/2010 17:20
2536,537035,12/3/2010 17:21
2538,537036,12/3/2010 17:28
2541,537037,12/5/2010 10:03
2543,537038,12/5/2010 10:12
2545,C537039,12/5/2010 10:25
2548,537040,12/5/2010 10:27
2550,537041,12/5/2010 10:36
2555,537042,12/5/2010 10:45
2559,C537043,12/5/2010 10:48
2561,537044,12/5/2010 10:52
2566,537045,12/5/2010 10:54
2570,537046,12/5/2010 10:58
2572,537047,12/5/2010 11:02
2575,537048,12/5/2010 11:03
2578,537049,12/5/2010 11:04
2581,537050,12/5/2010 11:10
2586,537051,12/5/2010 11:12
2590,537052,12/5/2010 11:15
2592,537053,12/5/2010 11:38
2594,537054,12/5/2010 11:40
2597,537055,12/5/2010 11:45
2599,537057,12/5/2010 11:49
2603,537058,12/5/2010 11:51
2605,537059,12/5/2010 11:54
2608,537065,12/5/2010 11:57
2612,537067,12/5/2010 11:57
2615,537077,12/5/2010 11:59
2618,537081,12/5/2010 12:00
2619,537086,12/5/2010 12:01
2622,537090,12/5/2010 12:02
2624,537111,12/5/2010 12:08
2626,537117,12/5/2010 12:09
2628,537126,12/5/2010 12:13
2631,537127,12/5/2010 12:13
2632,537128,12/5/2010 12:15
2636,537129,12/5/2010 12:15
2639,537130,12/5/2010 12:23
2641,537131,12/5/2010 12:26
2645,537133,12/5/2010 12:29
2649,C537132,12/5/2010 12:29
2652,537134,12/5/2010 12:34
2654,537135,12/5/2010 12:35
2657,537136,12/5/2010 12:42
2669,537137,12/5/2010 12:43
2677,537138,12/5/2010 12:44
2680,537139,12/5/2010 12:47
2681,537140,12/5/2010 12:53
2690,537141,12/5/2010 12:57
2691,537142,12/5/2010 12:57
2693,C537143,12/5/2010 12:58
2695,537144,12/5/2010 13:00
2704,537153,12/5/2010 13:03
2707,537154,12/5/2010 13:05
2708,537155,12/5/2010 13:05
2712,537156,12/5/2010 13:08
2715,C537157,12/5/2010 13:09
2717,537158,12/5/2010 13:10
2718,537159,12/5/2010 13:17
2723,537160,12/5/2010 13:18
2725,537163,12/5/2010 13:21
2727,C537164,12/5/2010 13:21
2729,537176,12/5/2010 13:26
2731,537179,12/5/2010 13:29
2734,537192,12/5/2010 13:42
2744,537193,12/5/2010 13:49
2748,537194,12/5/2010 13:53
2749,537195,12/5/2010 13:55
2752,537196,12/5/2010 13:55
2761,537197,12/5/2010 14:02
2764,537198,12/5/2010 14:03
2766,537199,12/5/2010 14:06
2768,537200,12/5/2010 14:17
2772,537201,12/5/2010 14:19
2774,537202,12/5/2010 14:25
2777,C537203,12/5/2010 14:44
2780,537204,12/5/2010 14:45
2785,537205,12/5/2010 14:52
2787,537206,12/5/2010 15:02
2788,537207,12/5/2010 15:06
2790,537208,12/5/2010 15:12
2802,537209,12/5/2010 15:12
2807,537210,12/5/2010 15:15
2811,537211,12/5/2010 15:18
2813,537212,12/5/2010 15:21
2816,537213,12/5/2010 15:26
2819,537214,12/5/2010 15:35
2821,537215,12/5/2010 15:38
2824,537216,12/5/2010 15:40
2825,537217,12/5/2010 15:40
2827,537218,12/5/2010 15:46
2830,537219,12/5/2010 15:47
2832,537220,12/5/2010 15:49
2834,537221,12/5/2010 15:54
2836,537222,12/5/2010 16:00
2838,537223,12/5/2010 16:10
2840,537224,12/5/2010 16:24
